﻿<?xml version="1.0"?>
<root>
  <elements>
    <object id="L1" template="CONTENT" hTab="0">
      <i_content>
        <node><![CDATA[Review Fractions<br>]]></node>
      </i_content>
    </object>
    <object id="A1" template="AUDIO" src="a7" tts=""/>
    <object id="i2" template="IMAGE" hTab="0">
      <i_content>
        <node><![CDATA[<img id="i3" style="-webkit-user-drag: none; width: 413px; height: 544px; box-sizing: border-box; pointer-events: auto;  user-select: none;" src="../data/media/common/ahmed_looking_robot_reading_book_01.png?rnd=1627039998734" alt="" class="" contenteditable="false">]]></node>
      </i_content>
    </object>
    <object id="i6" template="IMAGE" hTab="0">
      <i_content>
        <node><![CDATA[<img id="i35" style="-webkit-user-drag: none; width: 880px; height: 750px; box-sizing: border-box; pointer-events: auto;  user-select: none;" src="../data/media/common/screen_01_bg_board.png?rnd=1626344770647" alt="" class="" contenteditable="false">]]></node>
      </i_content>
    </object>
    <object id="i7" template="IMAGE" hTab="0">
      <i_content>
        <node><![CDATA[<img id="i217" style="-webkit-user-drag: none; width: 1240px; height: 98px; box-sizing: border-box; pointer-events: auto;  user-select: none;" src="../data/media/common/titel_bar_blue.png?rnd=1626866133093" alt="" class="" contenteditable="false">]]></node>
      </i_content>
    </object>
    <object id="L5" template="CONTENT" hTab="0">
      <i_content>
        <node><![CDATA[<span style="font-size: 48px;  color: rgb(255, 255, 255);">Mathbot helps with the Sports Day activities.</span><br>]]></node>
      </i_content>
    </object>
    <object id="L4" template="CONTENT" hTab="0">
      <i_content>
        <node><![CDATA[It’s Sports Day! Mathbot helps with the Sports Day activities. He writes the scores for Sports Day.  <br>Help him write the scores! Let’s look at the first Sports Day activity!<br>]]></node>
      </i_content>
    </object>
    <object id="L6" template="CONTENT" hTab="0">
      <i_content>
        <node><![CDATA[<span style="font-size: 78px;  color: rgb(255, 255, 255);">It’s Sports Day!</span><span style="color: rgb(197, 25, 141); font-size: 78px; ">&nbsp;</span><br>]]></node>
      </i_content>
    </object>
    <object id="A3" template="AUDIO" src="a8" hTab="0" tts=""/>
    <object id="A2" template="AUDIO" src="a10" hTab="0" tts=""/>
    <object id="i4" template="IMAGE" hTab="0">
      <i_content>
        <node><![CDATA[<img id="i36" style="-webkit-user-drag: none; width: 412px; height: 549px; box-sizing: border-box; pointer-events: auto;  user-select: none;" src="../data/media/common/intro_ahmed.png?rnd=1627039652324" alt="" class="" contenteditable="false">]]></node>
      </i_content>
    </object>
    <object id="i12" template="IMAGE" hTab="0" pub="1">
      <i_content>
        <node><![CDATA[<img id="i197" style="-webkit-user-drag: none; width: 1920px; height: 1080px; box-sizing: border-box; pointer-events: auto;  user-select: none;" src="../data/media/common/sc01_robo_build_animation_start.png?rnd=1627982075821" alt="" class="" contenteditable="false">]]></node>
      </i_content>
    </object>
    <object id="L7" template="CONTENT" hTab="0">
      <i_content>
        <node><![CDATA[<span style="font-size: 48px;  color: rgb(255, 255, 255);">He writes the scores for Sports Day.</span><br>]]></node>
      </i_content>
    </object>
    <object id="L9" template="CONTENT" hTab="0">
      <i_content>
        <node><![CDATA[<span style="font-size: 48px;  color: rgb(255, 255, 255);">Help him write the scores!</span><br>]]></node>
      </i_content>
    </object>
    <object id="L2" template="CONTENT" hTab="0">
      <i_content>
        <node><![CDATA[<span style="font-size: 48px; color: rgb(255, 255, 255); ">Let's look at the first Sports Day activity!</span><br>]]></node>
      </i_content>
    </object>
    <object id="A4" template="AUDIO" src="a11" hTab="0" tts=""/>
    <object id="i5" template="IMAGE" hTab="0">
      <i_content>
        <node><![CDATA[<img id="i72" style="-webkit-user-drag: none; width: 485px; height: 752px; box-sizing: border-box; pointer-events: auto;  user-select: none;" src="../data/media/common/01.png?rnd=1626368741151" alt="" class="" contenteditable="false">]]></node>
      </i_content>
    </object>
    <object id="i8" template="IMAGE" hTab="0">
      <i_content>
        <node><![CDATA[<img id="i39" style="-webkit-user-drag: none; width: 485px; height: 752px; box-sizing: border-box; pointer-events: auto;  user-select: none;" src="../data/media/common/screen_01_mathbot_02.png?rnd=1626345462030" alt="" class="" contenteditable="false">]]></node>
      </i_content>
    </object>
    <object id="i1" template="IMAGE" hTab="0">
      <i_content>
        <node><![CDATA[<img id="i72" style="-webkit-user-drag: none; width: 485px; height: 752px; box-sizing: border-box; pointer-events: auto;  user-select: none;" src="../data/media/common/01.png?rnd=1626368741151" alt="" class="" contenteditable="false">]]></node>
      </i_content>
    </object>
    <object id="i3" template="IMAGE" hTab="0">
      <i_content>
        <node><![CDATA[<img id="i36" style="-webkit-user-drag: none; width: 412px; height: 549px; box-sizing: border-box; pointer-events: auto;  user-select: none;" src="../data/media/common/intro_ahmed.png?rnd=1627039652324" alt="" class="" contenteditable="false">]]></node>
      </i_content>
    </object>
  </elements>
  <timeline fps="15">
    <label/>
    <layer id="L0" type="ACTIONS">
      <span ac="Stop;">
        <frm num="243"/>
        <frm num="243"/>
      </span>
    </layer>
    <layer id="A1" type="AUDIO" lock="0">
      <span an="0" ease="0" hd="0" xreg="left" w="" h="" sA="1" fl="0" yreg="top" sE="" sATL="0">
        <frm num="26" x="56" y="311"/>
        <frm num="93" x="56" y="311"/>
      </span>
    </layer>
    <layer id="A3" type="AUDIO" lock="0">
      <span an="0" ease="0" hd="0" xreg="left" w="" h="" sA="1" fl="0" yreg="top" sE="" sATL="0">
        <frm num="109" x="50" y="90"/>
        <frm num="144" x="50" y="90"/>
      </span>
    </layer>
    <layer id="A2" type="AUDIO" lock="0">
      <span an="0" ease="0" hd="0" xreg="left" w="" h="" sA="1" fl="0" yreg="top" sE="" sATL="0">
        <frm num="155" x="50" y="140"/>
        <frm num="179" x="50" y="140"/>
      </span>
    </layer>
    <layer id="A4" type="AUDIO">
      <span an="0" ease="0" hd="0" xreg="left" w="" h="" sA="1" fl="0" yreg="top" sE="4.29" sATL="0">
        <frm num="194" x="74" y="180"/>
        <frm num="233" x="74" y="180"/>
      </span>
    </layer>
    <layer id="i12" type="IMAGE" lb="BG" hide="0" lock="0" pub="1">
      <span an="0" ease="0" ac="" bgI="" hd="0" xreg="left" bgA="center" bgR="no-repeat" class="" w="1920" h="1080" imgs="50" fl="0" yreg="top">
        <frm num="1" x="0" y="0" o="1" rX="0" rY="0" sX="1" sY="1"/>
        <frm num="243" x="0" y="0" o="1" rX="0" rY="0" sX="1" sY="1"/>
      </span>
    </layer>
    <layer id="L4" type="CONTENT" lb="Transcript" hide="0" lock="0">
      <span an="0" ease="0" ac="" bgI="" hd="0" xreg="left" bgA="center" bgR="no-repeat" class="" imgs="50" w="150" fl="0" yreg="top">
        <frm num="1" x="-490" y="115" o="1" rX="0" rY="0" sX="1" sY="1" w="469" h="175"/>
        <frm num="243" x="-490" y="115" o="1" rX="0" rY="0" sX="1" sY="1" w="469" h="175"/>
      </span>
    </layer>
    <layer id="i4" type="IMAGE" hide="0" lock="0" lb="Ahmed">
      <span an="0" ease="0" ac="" bgI="" hd="0" xreg="left" bgA="center" bgR="no-repeat" class="" w="412" h="549" imgs="50" fl="0" yreg="top">
        <frm num="1" x="143" y="466" o="1" rX="0" rY="0" sX="1" sY="1"/>
        <frm num="105" x="143" y="466" o="1" rX="0" rY="0" sX="1" sY="1"/>
      </span>
      <span an="fade-out" ease="0" ac="" bgI="" hd="0" xreg="left" bgA="center" bgR="no-repeat" class="" w="412" h="549" imgs="50" fl="0" yreg="top">
        <frm num="106" x="143" y="466" o="1" rX="0" rY="0" sX="1" sY="1"/>
        <frm num="115" x="143" y="466" o="1" rX="0" rY="0" sX="1" sY="1"/>
      </span>
    </layer>
    <layer id="i5" type="IMAGE" hide="0" lock="0" lb="Robot">
      <span an="0" ease="0" ac="" bgI="" hd="0" xreg="left" bgA="center" bgR="no-repeat" class="" w="485" h="752" imgs="50" fl="0" yreg="top" aS="1000">
        <frm num="1" x="1356" y="254" o="1" rX="0" rY="0" sX="1" sY="1"/>
        <frm num="105" x="1356" y="254" o="1" rX="0" rY="0" sX="1" sY="1"/>
      </span>
      <span an="fade-out" ease="0" ac="" bgI="" hd="0" xreg="left" bgA="center" bgR="no-repeat" class="" w="485" h="752" imgs="50" fl="0" yreg="top" aS="1000">
        <frm num="106" x="1356" y="254" o="1" rX="0" rY="0" sX="1" sY="1"/>
        <frm num="115" x="1356" y="254" o="1" rX="0" rY="0" sX="1" sY="1"/>
      </span>
    </layer>
    <layer id="i2" type="IMAGE" hide="0" lock="0" lb="Ahmed">
      <span an="fade-in" ease="0" ac="" bgI="" hd="0" xreg="left" bgA="center" bgR="no-repeat" class="" w="413" h="544" imgs="50" fl="0" yreg="top">
        <frm num="106" x="142" y="472" o="1" rX="0" rY="0" sX="1" sY="1"/>
        <frm num="115" x="142" y="472" o="1" rX="0" rY="0" sX="1" sY="1"/>
      </span>
      <span an="0" ease="0" ac="" bgI="" hd="0" xreg="left" bgA="center" bgR="no-repeat" class="" w="412" h="543" imgs="50" fl="0" yreg="top">
        <frm num="116" x="142" y="472" o="1" rX="0" rY="0" sX="1" sY="1"/>
        <frm num="183" x="142" y="472" o="1" rX="0" rY="0" sX="1" sY="1"/>
      </span>
      <span an="fade-out" ease="0" ac="" bgI="" hd="0" xreg="left" bgA="center" bgR="no-repeat" class="" w="412" h="543" imgs="50" fl="0" yreg="top">
        <frm num="184" x="142" y="472" o="1" rX="0" rY="0" sX="1" sY="1"/>
        <frm num="193" x="142" y="472" o="1" rX="0" rY="0" sX="1" sY="1"/>
      </span>
    </layer>
    <layer id="i8" type="IMAGE" hide="0" lock="0" lb="Robot">
      <span an="fade-in" ease="0" ac="" bgI="" hd="0" xreg="left" bgA="center" bgR="no-repeat" class="" w="485" h="752" imgs="50" fl="0" yreg="top" aS="1000">
        <frm num="106" x="1356" y="254" o="1" rX="0" rY="0" sX="1" sY="1"/>
        <frm num="115" x="1356" y="254" o="1" rX="0" rY="0" sX="1" sY="1"/>
      </span>
      <span an="0" ease="0" ac="" bgI="" hd="0" xreg="left" bgA="center" bgR="no-repeat" class="" w="485" h="752" imgs="50" fl="0" yreg="top" aS="1000">
        <frm num="116" x="1356" y="254" o="1" rX="0" rY="0" sX="1" sY="1"/>
        <frm num="183" x="1356" y="254" o="1" rX="0" rY="0" sX="1" sY="1"/>
      </span>
      <span an="fade-out" ease="0" ac="" bgI="" hd="0" xreg="left" bgA="center" bgR="no-repeat" class="" w="485" h="752" imgs="50" fl="0" yreg="top" aS="1000">
        <frm num="184" x="1356" y="254" o="1" rX="0" rY="0" sX="1" sY="1"/>
        <frm num="193" x="1356" y="254" o="1" rX="0" rY="0" sX="1" sY="1"/>
      </span>
    </layer>
    <layer id="i3" type="IMAGE" hide="0" lock="0" lb="Ahmed">
      <span an="fade-in" ease="0" ac="" bgI="" hd="0" xreg="left" bgA="center" bgR="no-repeat" class="" w="412" h="549" imgs="50" fl="0" yreg="top">
        <frm num="184" x="143" y="464" o="1" rX="0" rY="0" sX="1" sY="1"/>
        <frm num="193" x="143" y="464" o="1" rX="0" rY="0" sX="1" sY="1"/>
      </span>
      <span an="0" ease="0" ac="" bgI="" hd="0" xreg="left" bgA="center" bgR="no-repeat" class="" w="412" h="549" imgs="50" fl="0" yreg="top">
        <frm num="194" x="143" y="464" o="1" rX="0" rY="0" sX="1" sY="1"/>
        <frm num="243" x="143" y="464" o="1" rX="0" rY="0" sX="1" sY="1"/>
      </span>
    </layer>
    <layer id="i1" type="IMAGE" hide="0" lock="0" lb="Robot">
      <span an="fade-in" ease="0" ac="" bgI="" hd="0" xreg="left" bgA="center" bgR="no-repeat" class="" w="485" h="752" imgs="50" fl="0" yreg="top" aS="1000">
        <frm num="184" x="1356" y="254" o="1" rX="0" rY="0" sX="1" sY="1"/>
        <frm num="193" x="1356" y="254" o="1" rX="0" rY="0" sX="1" sY="1"/>
      </span>
      <span an="0" ease="0" ac="" bgI="" hd="0" xreg="left" bgA="center" bgR="no-repeat" class="" w="485" h="752" imgs="50" fl="0" yreg="top" aS="1000">
        <frm num="194" x="1356" y="254" o="1" rX="0" rY="0" sX="1" sY="1"/>
        <frm num="243" x="1356" y="254" o="1" rX="0" rY="0" sX="1" sY="1"/>
      </span>
    </layer>
    <layer id="i6" type="IMAGE" hide="0" lock="0" lb="Board">
      <span an="fade-in-top" ease="0" ac="" bgI="" hd="0" xreg="left" bgA="center" bgR="no-repeat" class="" w="890" h="747" imgs="50" fl="0" yreg="top">
        <frm num="13" x="506" y="-21" o="1" rX="0" rY="0" sX="1" sY="1"/>
        <frm num="22" x="506" y="-21" o="1" rX="0" rY="0" sX="1" sY="1"/>
      </span>
      <span an="0" ease="0" ac="" bgI="" hd="0" xreg="left" bgA="center" bgR="no-repeat" class="" w="890" h="747" imgs="50" fl="0" yreg="top">
        <frm num="23" x="506" y="-21" o="1" rX="0" rY="0" sX="1" sY="1"/>
        <frm num="243" x="506" y="-21" o="1" rX="0" rY="0" sX="1" sY="1"/>
      </span>
    </layer>
    <layer id="i7" type="IMAGE" hide="0" lock="0">
      <span an="0" ease="0" ac="" bgI="" hd="0" xreg="left" bgA="center" bgR="no-repeat" class="" w="1240" h="98" imgs="50" fl="0" yreg="top">
        <frm num="1" x="340" y="0" o="1" rX="0" rY="0" sX="1" sY="1"/>
        <frm num="243" x="340" y="0" o="1" rX="0" rY="0" sX="1" sY="1"/>
      </span>
    </layer>
    <layer id="L1" type="CONTENT" hide="0" lock="0">
      <span an="0" ease="0" ac="" bgI="" hd="0" xreg="left" bgA="center" bgR="no-repeat" class="int_page_tittle" imgs="50" w="150" fl="0" yreg="top" frmt=";a:center;s:40;c:rgb(255, 255, 255);f:frutiger_bold" aS="1000">
        <frm num="1" x="653" y="14" o="1" rX="0" rY="0" sX="1" sY="1" w="614" h="55"/>
        <frm num="243" x="653" y="14" o="1" rX="0" rY="0" sX="1" sY="1" w="614" h="55"/>
      </span>
    </layer>
    <layer id="L6" type="CONTENT" hide="0" lock="0">
      <span an="fade-in" ease="0" ac="" bgI="" hd="0" xreg="left" bgA="center" bgR="no-repeat" class="" imgs="50" w="150" fl="0" yreg="top" frmt=";a:center;s:35;f:frutiger_bold" aS="">
        <frm num="28" x="578" y="276" o="1" rX="0" rY="0" sX="1" sY="1" w="778" h="115"/>
        <frm num="36" x="578" y="276" o="1" rX="0" rY="0" sX="1" sY="1" w="778" h="115"/>
      </span>
      <span an="0" ease="0" ac="" bgI="" hd="0" xreg="left" bgA="center" bgR="no-repeat" class="" imgs="50" w="150" fl="0" yreg="top" frmt=";a:center;s:35;f:frutiger_bold" aS="1000">
        <frm num="37" x="578" y="276" o="1" rX="0" rY="0" sX="1" sY="1" w="778" h="115"/>
        <frm num="97" x="578" y="276" o="1" rX="0" rY="0" sX="1" sY="1" w="778" h="115"/>
      </span>
      <span an="fade-out" ease="0" ac="" bgI="" hd="0" xreg="left" bgA="center" bgR="no-repeat" class="" imgs="50" w="150" fl="0" yreg="top" frmt=";a:center;s:35;f:frutiger_bold" aS="1000">
        <frm num="98" x="578" y="276" o="1" rX="0" rY="0" sX="1" sY="1" w="778" h="115"/>
        <frm num="107" x="578" y="276" o="1" rX="0" rY="0" sX="1" sY="1" w="778" h="115"/>
      </span>
    </layer>
    <layer id="L5" type="CONTENT" hide="0" lock="0">
      <span an="fade-in" ease="0" ac="" bgI="" hd="0" xreg="left" bgA="center" bgR="no-repeat" class="" imgs="50" w="150" fl="0" yreg="top" frmt=";a:center;s:35;f:frutiger_1;c:rgb(0, 0, 0)" aS="">
        <frm num="59" x="672" y="422" o="1" rX="0" rY="0" sX="1" sY="1" w="536" h="101"/>
        <frm num="67" x="672" y="422" o="1" rX="0" rY="0" sX="1" sY="1" w="536" h="101"/>
      </span>
      <span an="0" ease="0" ac="" bgI="" hd="0" xreg="left" bgA="center" bgR="no-repeat" class="" imgs="50" w="150" fl="0" yreg="top" frmt=";a:center;s:35;f:frutiger_1;c:rgb(0, 0, 0)" aS="1000">
        <frm num="68" x="672" y="422" o="1" rX="0" rY="0" sX="1" sY="1" w="536" h="101"/>
        <frm num="97" x="672" y="422" o="1" rX="0" rY="0" sX="1" sY="1" w="536" h="101"/>
      </span>
      <span an="fade-out" ease="0" ac="" bgI="" hd="0" xreg="left" bgA="center" bgR="no-repeat" class="" imgs="50" w="150" fl="0" yreg="top" frmt=";a:center;s:35;f:frutiger_1;c:rgb(0, 0, 0)" aS="1000">
        <frm num="98" x="672" y="422" o="1" rX="0" rY="0" sX="1" sY="1" w="536" h="101"/>
        <frm num="107" x="672" y="422" o="1" rX="0" rY="0" sX="1" sY="1" w="536" h="101"/>
      </span>
    </layer>
    <layer id="L7" type="CONTENT" hide="0" lock="0">
      <span an="fade-in" ease="0" ac="" bgI="" hd="0" xreg="left" bgA="center" bgR="no-repeat" class="" imgs="50" w="150" fl="0" yreg="top" frmt=";a:center;s:35;f:frutiger_1;c:rgb(0, 0, 0)" aS="1000">
        <frm num="110" x="692" y="331" o="1" rX="0" rY="0" sX="1" sY="1" w="536" h="101"/>
        <frm num="119" x="692" y="331" o="1" rX="0" rY="0" sX="1" sY="1" w="536" h="101"/>
      </span>
      <span an="0" ease="0" ac="" bgI="" hd="0" xreg="left" bgA="center" bgR="no-repeat" class="" imgs="50" w="150" fl="0" yreg="top" frmt=";a:center;s:35;f:frutiger_1;c:rgb(0, 0, 0)" aS="1000">
        <frm num="120" x="692" y="331" o="1" rX="0" rY="0" sX="1" sY="1" w="536" h="101"/>
        <frm num="183" x="692" y="331" o="1" rX="0" rY="0" sX="1" sY="1" w="536" h="101"/>
      </span>
      <span an="fade-out" ease="0" ac="" bgI="" hd="0" xreg="left" bgA="center" bgR="no-repeat" class="" imgs="50" w="150" fl="0" yreg="top" frmt=";a:center;s:35;f:frutiger_1;c:rgb(0, 0, 0)" aS="1000">
        <frm num="184" x="692" y="331" o="1" rX="0" rY="0" sX="1" sY="1" w="536" h="101"/>
        <frm num="193" x="692" y="331" o="1" rX="0" rY="0" sX="1" sY="1" w="536" h="101"/>
      </span>
    </layer>
    <layer id="L9" type="CONTENT" hide="0" lock="0">
      <span an="fade-in" ease="0" ac="" bgI="" hd="0" xreg="left" bgA="center" bgR="no-repeat" class="" imgs="50" w="150" fl="0" yreg="top" frmt=";a:center;s:35;f:frutiger_1;c:rgb(0, 0, 0)" aS="1000">
        <frm num="156" x="619" y="451" o="1" rX="0" rY="0" sX="1" sY="1" w="682" h="101"/>
        <frm num="165" x="619" y="451" o="1" rX="0" rY="0" sX="1" sY="1" w="682" h="101"/>
      </span>
      <span an="0" ease="0" ac="" bgI="" hd="0" xreg="left" bgA="center" bgR="no-repeat" class="" imgs="50" w="150" fl="0" yreg="top" frmt=";a:center;s:35;f:frutiger_1;c:rgb(0, 0, 0)" aS="1000">
        <frm num="166" x="619" y="451" o="1" rX="0" rY="0" sX="1" sY="1" w="682" h="101"/>
        <frm num="183" x="619" y="451" o="1" rX="0" rY="0" sX="1" sY="1" w="682" h="101"/>
      </span>
      <span an="fade-out" ease="0" ac="" bgI="" hd="0" xreg="left" bgA="center" bgR="no-repeat" class="" imgs="50" w="150" fl="0" yreg="top" frmt=";a:center;s:35;f:frutiger_1;c:rgb(0, 0, 0)" aS="1000">
        <frm num="184" x="619" y="451" o="1" rX="0" rY="0" sX="1" sY="1" w="682" h="101"/>
        <frm num="193" x="619" y="451" o="1" rX="0" rY="0" sX="1" sY="1" w="682" h="101"/>
      </span>
    </layer>
    <layer id="L2" type="CONTENT" hide="0" lock="0">
      <span an="fade-in" ease="0" ac="" bgI="" hd="0" xreg="left" bgA="center" bgR="no-repeat" class="" imgs="50" w="150" fl="0" yreg="top" frmt=";a:center;s:35;f:frutiger_1;c:rgb(0, 0, 0)" aS="1000">
        <frm num="195" x="686" y="372" o="1" rX="0" rY="0" sX="1" sY="1" w="530" h="101"/>
        <frm num="204" x="686" y="372" o="1" rX="0" rY="0" sX="1" sY="1" w="530" h="101"/>
      </span>
      <span an="0" ease="0" ac="" bgI="" hd="0" xreg="left" bgA="center" bgR="no-repeat" class="" imgs="50" w="150" fl="0" yreg="top" frmt=";a:center;s:35;f:frutiger_1;c:rgb(0, 0, 0)" aS="1000">
        <frm num="205" x="686" y="372" o="1" rX="0" rY="0" sX="1" sY="1" w="530" h="101"/>
        <frm num="243" x="686" y="372" o="1" rX="0" rY="0" sX="1" sY="1" w="530" h="101"/>
      </span>
    </layer>
  </timeline>
  <clips/>
</root>
