﻿<?xml version="1.0"?>
<root>
  <elements>
    <object id="i2" template="IMAGE" hTab="0">
      <i_content>
        <node><![CDATA[<img id="i23" style="-webkit-user-drag: none; width: 1920px; height: 1080px; box-sizing: border-box; pointer-events: auto;  user-select: none;" src="../data/media/common/screen_04_01_bg_8.png?rnd=1624888452042" alt="" class="" contenteditable="false">]]></node>
      </i_content>
    </object>
    <object id="L1" template="CONTENT" hTab="0">
      <i_content>
        <node><![CDATA[In one over ten, there is no whole number. So, there are zero ones and one tenth.<br>Put zero in the ones place. Put one in the tenths place. One over ten is equal to one-tenth.<br>]]></node>
      </i_content>
    </object>
    <object id="i3" template="IMAGE" hTab="0">
      <i_content>
        <node><![CDATA[<img id="i217" style="-webkit-user-drag: none; width: 77px; height: 77px; box-sizing: border-box; pointer-events: auto;  user-select: none;" src="../data/media/common/titel_bar_blue.png?rnd=1624875466548" alt="" class="" contenteditable="false">]]></node>
      </i_content>
    </object>
    <object id="L4" template="CONTENT" hTab="0">
      <i_content>
        <node><![CDATA[Write Fractions with Denominator 10 as Decimal Numbers<br>]]></node>
      </i_content>
    </object>
    <object id="L2" template="CONTENT" hTab="0">
      <i_content>
        <node><![CDATA[In<span style=" font-size:20px;">&nbsp;</span><span class="katex"><span class="katex"><span class="katex-mathml"><math><semantics></semantics></math><span style="font-size:20px;"><mrow><mfrac><mrow><mn>1</mn></mrow><mrow><mn>1</mn><mn>0</mn></mrow></mfrac></mrow><annotation encoding="application/x-tex">\dfrac{ 1  }{ 10  }</annotation></span></span><span class="katex-html" aria-hidden="true"><span style="font-size:20px;"><span class="strut" style="height:1.32144em;"></span><span class="strut bottom" style="height:2.00744em;vertical-align:-0.686em;"></span></span><span class="base textstyle uncramped" style=""><span class="mord reset-textstyle displaystyle textstyle uncramped"><span class="sizing reset-size5 size5 reset-textstyle textstyle uncramped nulldelimiter" style="font-size:20px;"></span><span class="mfrac"><span class="vlist"><span style="top:0.686em;"><span class="fontsize-ensurer reset-size5 size5"><span style="font-size:0em;">​</span></span><span class="reset-textstyle textstyle cramped"><span class="mord textstyle cramped" style="font-family: frutiger_1;"><span class="mord mathrm">1</span><span class="mord mathrm">0</span></span></span></span><span style="top:-0.22999999999999998em;"><span class="fontsize-ensurer reset-size5 size5"><span style="font-size:0em;">​</span></span><span class="reset-textstyle textstyle uncramped frac-line"></span></span><span style="top:-0.677em;"><span class="fontsize-ensurer reset-size5 size5"><span style="font-size:0em;">​</span></span><span class="reset-textstyle textstyle uncramped"><span class="mord textstyle uncramped"><span class="mord mathrm" style=" font-family: frutiger_1;">1</span></span></span></span><span class="baseline-fix"><span class="fontsize-ensurer reset-size5 size5"><span style="font-size:0em;">​</span></span>​</span></span></span></span></span></span></span></span><span style="font-size:20px;">&nbsp;</span>there is no whole number.]]></node>
      </i_content>
    </object>
    <object id="A1" template="AUDIO" src="a81" hTab="0" tts=""/>
    <object id="A3" template="AUDIO" src="a82" hTab="0" tts=""/>
    <object id="A5" template="AUDIO" src="a83" hTab="0" tts=""/>
    <object id="L6" template="CONTENT" hTab="0">
      <i_content>
        <node><![CDATA[So, there are 0 ones and 1 tenth.]]></node>
      </i_content>
    </object>
    <object id="A2" template="AUDIO" src="a84" hTab="0" tts=""/>
    <object id="L7" template="CONTENT" hTab="0">
      <i_content>
        <node><![CDATA[0 in the ones place.]]></node>
      </i_content>
    </object>
    <object id="L8" template="CONTENT" hTab="0">
      <i_content>
        <node><![CDATA[1 in the tenths place.]]></node>
      </i_content>
    </object>
    <object id="A4" template="AUDIO" src="a85" hTab="0" tts=""/>
    <object id="L9" template="CONTENT" hTab="0">
      <i_content>
        <node><![CDATA[0.1 is a decimal number.]]></node>
      </i_content>
    </object>
    <object id="L10" template="CONTENT" hTab="0">
      <i_content>
        <node><![CDATA[<div style="text-align: center;">1</div>]]></node>
      </i_content>
    </object>
    <object id="i1" template="IMAGE" hTab="0">
      <i_content>
        <node><![CDATA[<img id="i218" style="-webkit-user-drag: none; width: 77px; height: 77px; box-sizing: border-box; pointer-events: auto;  user-select: none;" src="../data/media/common/black_line_sc02.png?rnd=1624875751900" alt="" class="" contenteditable="false">]]></node>
      </i_content>
    </object>
    <object id="L11" template="CONTENT" hTab="0">
      <i_content>
        <node><![CDATA[<div style="text-align: center;">10<br></div>]]></node>
      </i_content>
    </object>
    <object id="L12" template="CONTENT" hTab="0">
      <i_content>
        <node><![CDATA[<div style="text-align: center;">= 0.1<br></div>]]></node>
      </i_content>
    </object>
    <object id="L13" template="CONTENT" hTab="0">
      <i_content>
        <node><![CDATA[<span style="font-weight: bold;">0</span>]]></node>
      </i_content>
    </object>
    <object id="L14" template="CONTENT" hTab="0">
      <i_content>
        <node><![CDATA[<span style="font-weight: bold;">1</span>]]></node>
      </i_content>
    </object>
    <object id="H2" template="SHAPE" hTab="0"/>
    <object id="i6" template="IMAGE" hTab="0">
      <i_content>
        <node><![CDATA[<img id="i49" style="-webkit-user-drag: none; width: 1384px; height: 279px; box-sizing: border-box; pointer-events: auto;  user-select: none;" src="../data/media/common/screen_02_pvc_02.png?rnd=1626360697660" alt="" class="" contenteditable="false">]]></node>
      </i_content>
    </object>
    <object id="L22" template="CONTENT" hTab="0">
      <i_content>
        <node><![CDATA[<span style="font-family: frutiger_bold; font-size:35px;">Hundreds</span>]]></node>
      </i_content>
    </object>
    <object id="L43" template="CONTENT" hTab="0">
      <i_content>
        <node><![CDATA[<div style="text-align: center;"><span style="font-family: frutiger_bold; font-size:40px;">100</span></div>]]></node>
      </i_content>
    </object>
    <object id="L44" template="CONTENT" hTab="0">
      <i_content>
        <node><![CDATA[<div style="text-align: center;"><span style="font-family: frutiger_bold; font-size:40px;">10</span></div>]]></node>
      </i_content>
    </object>
    <object id="L45" template="CONTENT" hTab="0">
      <i_content>
        <node><![CDATA[<div style="text-align: center; "><span style="font-family: frutiger_bold; font-size:40px;">1</span></div>]]></node>
      </i_content>
    </object>
    <object id="L32" template="CONTENT" hTab="0">
      <i_content>
        <node><![CDATA[<span style="font-family: frutiger_bold; font-size: 35px; ">Tens</span>]]></node>
      </i_content>
    </object>
    <object id="L34" template="CONTENT" hTab="0">
      <i_content>
        <node><![CDATA[<span style="font-family: frutiger_bold; font-size: 35px; ">Ones</span>]]></node>
      </i_content>
    </object>
    <object id="L42" template="CONTENT" hTab="0">
      <i_content>
        <node><![CDATA[<span style="font-family: frutiger_bold; font-size: 35px; ">Place Value Chart</span>]]></node>
      </i_content>
    </object>
    <object id="L40" template="CONTENT" hTab="0">
      <i_content>
        <node><![CDATA[<span style="font-family: frutiger_bold; font-size: 35px; ">Tenths</span>]]></node>
      </i_content>
    </object>
    <object id="L41" template="CONTENT" hTab="0">
      <i_content>
        <node><![CDATA[<span style="font-family: frutiger_bold; font-size: 35px; ">Hundredths</span>]]></node>
      </i_content>
    </object>
    <object id="L35" template="CONTENT" hTab="0">
      <i_content>
        <node><![CDATA[<span style="font-family: frutiger_bold; font-size:80px;">.</span>]]></node>
      </i_content>
    </object>
    <object id="i23" template="IMAGE" hTab="0">
      <i_content>
        <node><![CDATA[<img id="i27" style="-webkit-user-drag: none; width: 77px; height: 77px; box-sizing: border-box; pointer-events: auto;  user-select: none;" src="../data/media/common/sc_02_02_asset_13.png?rnd=1624897501932" alt="" class="" contenteditable="false">]]></node>
      </i_content>
    </object>
    <object id="L15" template="CONTENT" hTab="0">
      <i_content>
        <node><![CDATA[<span style="font-family: frutiger_bold; font-size: 35px; ">Thousandths</span>]]></node>
      </i_content>
    </object>
    <object id="L16" template="CONTENT" hTab="0">
      <i_content>
        <node><![CDATA[<div style="text-align: center; "><span class="katex"><span class="katex"><span class="katex-mathml"><math><semantics><mrow><mfrac><mrow><mn>1</mn></mrow><mrow><mn>1</mn><mn>0</mn></mrow></mfrac></mrow><annotation encoding="application/x-tex">\dfrac{ 1  }{ 10  }</annotation></semantics></math></span><span class="katex-html" aria-hidden="true"><span class="strut" style="height:1.32144em;"></span><span class="strut bottom" style="height:2.00744em;vertical-align:-0.686em;"></span><span class="base textstyle uncramped"><span class="mord reset-textstyle displaystyle textstyle uncramped"><span class="sizing reset-size5 size5 reset-textstyle textstyle uncramped nulldelimiter"></span><span class="mfrac"><span class="vlist"><span style="top:0.686em;"><span class="fontsize-ensurer reset-size5 size5"><span style="font-size:0em;">​</span></span><span class="reset-textstyle textstyle cramped"><span class="mord textstyle cramped" style="font-family: frutiger_bold;"><span class="mord mathrm">1</span><span class="mord mathrm">0</span></span></span></span><span style="top:-0.22999999999999998em;"><span class="fontsize-ensurer reset-size5 size5"><span style="font-size:0em;">​</span></span><span class="reset-textstyle textstyle uncramped frac-line"></span></span><span style="top:-0.677em;"><span class="fontsize-ensurer reset-size5 size5"><span style="font-size:0em;">​</span></span><span class="reset-textstyle textstyle uncramped"><span class="mord textstyle uncramped"><span class="mord mathrm" style="font-family: frutiger_bold;">1</span></span></span></span><span class="baseline-fix"><span class="fontsize-ensurer reset-size5 size5"><span style="font-size:0em;">​</span></span>​</span></span></span></span></span></span></span></span><br></div>]]></node>
      </i_content>
    </object>
    <object id="L17" template="CONTENT" hTab="0">
      <i_content>
        <node><![CDATA[<div style="text-align: center; "><span class="katex"><span class="katex"><span class="katex-mathml"><math><semantics><mrow><mfrac><mrow><mn>1</mn></mrow><mrow><mn>1</mn><mn>0</mn></mrow></mfrac></mrow><annotation encoding="application/x-tex">\dfrac{ 1  }{ 10  }</annotation></semantics></math></span><span class="katex-html" aria-hidden="true"><span class="strut" style="height:1.32144em;"></span><span class="strut bottom" style="height:2.00744em;vertical-align:-0.686em;"></span><span class="base textstyle uncramped"><span class="mord reset-textstyle displaystyle textstyle uncramped"><span class="sizing reset-size5 size5 reset-textstyle textstyle uncramped nulldelimiter"></span><span class="mfrac"><span class="vlist"><span style="top:0.686em;"><span class="fontsize-ensurer reset-size5 size5"><span style="font-size:0em;">​</span></span><span class="reset-textstyle textstyle cramped"><span class="mord textstyle cramped" style="font-family: frutiger_bold;"><span class="mord mathrm">10</span><span class="mord mathrm">0</span></span></span></span><span style="top:-0.22999999999999998em;"><span class="fontsize-ensurer reset-size5 size5"><span style="font-size:0em;">​</span></span><span class="reset-textstyle textstyle uncramped frac-line"></span></span><span style="top:-0.677em;"><span class="fontsize-ensurer reset-size5 size5"><span style="font-size:0em;">​</span></span><span class="reset-textstyle textstyle uncramped"><span class="mord textstyle uncramped"><span class="mord mathrm" style="font-family: frutiger_bold;">1</span></span></span></span><span class="baseline-fix"><span class="fontsize-ensurer reset-size5 size5"><span style="font-size:0em;">​</span></span>​</span></span></span></span></span></span></span></span><br></div>]]></node>
      </i_content>
    </object>
    <object id="L18" template="CONTENT" hTab="0">
      <i_content>
        <node><![CDATA[<div style="text-align: center; "><span class="katex"><span class="katex"><span class="katex-mathml"><math><semantics><mrow><mfrac><mrow><mn>1</mn></mrow><mrow><mn>1</mn><mn>0</mn></mrow></mfrac></mrow><annotation encoding="application/x-tex">\dfrac{ 1  }{ 10  }</annotation></semantics></math></span><span class="katex-html" aria-hidden="true"><span class="strut" style="height:1.32144em;"></span><span class="strut bottom" style="height:2.00744em;vertical-align:-0.686em;"></span><span class="base textstyle uncramped"><span class="mord reset-textstyle displaystyle textstyle uncramped"><span class="sizing reset-size5 size5 reset-textstyle textstyle uncramped nulldelimiter"></span><span class="mfrac"><span class="vlist"><span style="top:0.686em;"><span class="fontsize-ensurer reset-size5 size5"><span style="font-size:0em;">​</span></span><span class="reset-textstyle textstyle cramped"><span class="mord textstyle cramped" style="font-family: frutiger_bold;"><span class="mord mathrm">1,00</span><span class="mord mathrm">0</span></span></span></span><span style="top:-0.22999999999999998em;"><span class="fontsize-ensurer reset-size5 size5"><span style="font-size:0em;">​</span></span><span class="reset-textstyle textstyle uncramped frac-line"></span></span><span style="top:-0.677em;"><span class="fontsize-ensurer reset-size5 size5"><span style="font-size:0em;">​</span></span><span class="reset-textstyle textstyle uncramped"><span class="mord textstyle uncramped"><span class="mord mathrm" style="font-family: frutiger_bold;">1</span></span></span></span><span class="baseline-fix"><span class="fontsize-ensurer reset-size5 size5"><span style="font-size:0em;">​</span></span>​</span></span></span></span></span></span></span></span><br></div>]]></node>
      </i_content>
    </object>
  </elements>
  <timeline fps="15">
    <label/>
    <layer id="L0" type="ACTIONS">
      <span ac="Stop;" xreg="left" yreg="top">
        <frm num="220"/>
        <frm num="220"/>
      </span>
    </layer>
    <layer id="i2" type="IMAGE" lb="BG" lock="0">
      <span an="0" ease="0" ac="" bgI="" hd="0" xreg="left" bgA="center" bgR="no-repeat" class="" w="1920" h="1080" imgs="50" fl="0" yreg="top">
        <frm num="1" x="0" y="0" o="1" rX="0" rY="0" sX="1" sY="1"/>
        <frm num="220" x="0" y="0" o="1" rX="0" rY="0" sX="1" sY="1"/>
      </span>
    </layer>
    <layer id="i3" type="IMAGE" lock="0">
      <span an="0" ease="0" ac="" bgI="" hd="0" xreg="left" bgA="center" bgR="no-repeat" class="" w="1240" h="98" imgs="50" fl="0" yreg="top">
        <frm num="1" x="351" y="-2" o="1" rX="0" rY="0" sX="1.1" sY="1"/>
        <frm num="220" x="351" y="-2" o="1" rX="0" rY="0" sX="1.1" sY="1"/>
      </span>
    </layer>
    <layer id="L4" type="CONTENT" hide="0" lock="0" lb="Title">
      <span an="0" ease="0" ac="" bgI="" hd="0" xreg="left" bgA="center" bgR="no-repeat" class="int_page_tittle" imgs="50" w="150" fl="0" yreg="top" frmt=";a:center;s:40;c:rgb(255, 255, 255);f:frutiger_bold" aS="1000">
        <frm num="1" x="390" y="14" o="1" rX="0" rY="0" sX="1" sY="1" w="1140" h="55"/>
        <frm num="220" x="390" y="14" o="1" rX="0" rY="0" sX="1" sY="1" w="1140" h="55"/>
      </span>
    </layer>
    <layer id="C1" type="CLIP" clipid="C1" lb="OST1" lock="0" hide="0">
      <span an="0" ease="0" hd="0" xreg="left" w="150" h="150" fl="0" yreg="top">
        <frm num="10" x="-43" y="-9" o="1" rX="0" rY="0" sX="1" sY="1"/>
        <frm num="220" x="-43" y="-9" o="1" rX="0" rY="0" sX="1" sY="1"/>
      </span>
    </layer>
    <layer id="A1" type="AUDIO">
      <span an="0" ease="0" hd="0" xreg="left" w="" h="" sA="1" fl="0" yreg="top" sE="" sATL="0">
        <frm num="9" x="50" y="200"/>
        <frm num="50" x="50" y="200"/>
      </span>
    </layer>
    <layer id="C2" type="CLIP" clipid="C2" lb="OST2" lock="0">
      <span an="0" ease="0" hd="0" xreg="left" w="150" h="150" fl="0" yreg="top">
        <frm num="56" x="-43" y="-9" o="1" rX="0" rY="0" sX="1" sY="1"/>
        <frm num="220" x="-43" y="-9" o="1" rX="0" rY="0" sX="1" sY="1"/>
      </span>
    </layer>
    <layer id="A3" type="AUDIO">
      <span an="0" ease="0" hd="0" xreg="left" w="" h="" sA="1" fl="0" yreg="top" sE="" sATL="0">
        <frm num="55" x="50" y="280"/>
        <frm num="99" x="50" y="280"/>
      </span>
    </layer>
    <layer id="C3" type="CLIP" clipid="C3" lb="OST3" lock="0" hide="0">
      <span an="0" ease="0" hd="0" xreg="left" w="150" h="150" fl="0" yreg="top">
        <frm num="111" x="-113" y="58" o="1" rX="0" rY="0" sX="1" sY="1"/>
        <frm num="220" x="-113" y="58" o="1" rX="0" rY="0" sX="1" sY="1"/>
      </span>
    </layer>
    <layer id="A5" type="AUDIO">
      <span an="0" ease="0" hd="0" xreg="left" w="" h="" sA="1" fl="0" yreg="top" sE="" sATL="0">
        <frm num="109" x="50" y="291"/>
        <frm num="137" x="50" y="291"/>
      </span>
    </layer>
    <layer id="C4" type="CLIP" clipid="C4" lb="OST4" lock="0">
      <span an="0" ease="0" hd="0" xreg="left" w="150" h="150" fl="0" yreg="top">
        <frm num="142" x="237" y="58" o="1" rX="0" rY="0" sX="1" sY="1"/>
        <frm num="220" x="237" y="58" o="1" rX="0" rY="0" sX="1" sY="1"/>
      </span>
    </layer>
    <layer id="A2" type="AUDIO">
      <span an="0" ease="0" hd="0" xreg="left" w="" h="" sA="1" fl="0" yreg="top" sE="" sATL="0">
        <frm num="140" x="50" y="270"/>
        <frm num="166" x="50" y="270"/>
      </span>
    </layer>
    <layer id="C5" type="CLIP" clipid="C5" lb="OST5" lock="0">
      <span an="0" ease="0" hd="0" xreg="left" w="150" h="150" fl="0" yreg="top">
        <frm num="180" x="-43" y="-9" o="1" rX="0" rY="0" sX="1" sY="1"/>
        <frm num="220" x="-43" y="-9" o="1" rX="0" rY="0" sX="1" sY="1"/>
      </span>
    </layer>
    <layer id="A4" type="AUDIO">
      <span an="0" ease="0" hd="0" xreg="left" w="" h="" sA="1" fl="0" yreg="top" sE="" sATL="0">
        <frm num="178" x="50" y="280"/>
        <frm num="213" x="50" y="280"/>
      </span>
    </layer>
    <layer id="L1" type="CONTENT" lb="Transcript" hide="0" lock="0">
      <span an="0" ease="0" ac="" bgI="" hd="0" xreg="left" bgA="center" bgR="no-repeat" class="" imgs="50" w="150" fl="0" yreg="top">
        <frm num="1" x="-514" y="-19" o="1" rX="0" rY="0" sX="1" sY="1" w="469" h="175"/>
        <frm num="220" x="-514" y="-19" o="1" rX="0" rY="0" sX="1" sY="1" w="469" h="175"/>
      </span>
    </layer>
  </timeline>
  <clips>
    <clip id="C1">
      <label/>
      <layer id="L0" type="ACTIONS">
        <span ac="stop;">
          <frm num="20"/>
          <frm num="20"/>
        </span>
      </layer>
      <layer id="L2" type="CONTENT">
        <span an="fade-in" ease="0" ac="" bgI="" hd="0" xreg="left" bgA="center" bgR="no-repeat" class="" imgs="50" w="150" fl="0" yreg="top">
          <frm num="1" x="724" y="134" o="1" rX="0" rY="0" sX="1" sY="1" w="588" h=""/>
          <frm num="10" x="724" y="134" o="1" rX="0" rY="0" sX="1" sY="1" w="588" h=""/>
        </span>
        <span an="0" ease="0" ac="" bgI="" hd="0" xreg="left" bgA="center" bgR="no-repeat" class="" imgs="50" w="150" fl="0" yreg="top">
          <frm num="11" x="724" y="134" o="1" rX="0" rY="0" sX="1" sY="1" w="588" h=""/>
          <frm num="20" x="724" y="134" o="1" rX="0" rY="0" sX="1" sY="1" w="588" h=""/>
        </span>
      </layer>
      <layer id="i6" type="IMAGE" lb="Chart" lock="0" hide="0">
        <span an="fade-in" ease="0" ac="" bgI="" hd="0" xreg="left" bgA="center" bgR="no-repeat" class="" w="1590" h="348" imgs="50" fl="0" yreg="top">
          <frm num="1" x="210" y="365" o="1" rX="0" rY="0" sX="1" sY="1"/>
          <frm num="10" x="210" y="365" o="1" rX="0" rY="0" sX="1" sY="1"/>
        </span>
        <span an="0" ease="0" ac="" bgI="" hd="0" xreg="left" bgA="center" bgR="no-repeat" class="" w="1590" h="348" imgs="50" fl="0" yreg="top">
          <frm num="11" x="210" y="365" o="1" rX="0" rY="0" sX="1" sY="1"/>
          <frm num="20" x="210" y="365" o="1" rX="0" rY="0" sX="1" sY="1"/>
        </span>
      </layer>
      <layer id="L22" type="CONTENT">
        <span an="fade-in" ease="0" ac="" bgI="" hd="0" xreg="left" bgA="center" bgR="no-repeat" class="" imgs="50" w="150" fl="0" yreg="top" frmt=";c:rgb(255, 255, 255)">
          <frm num="1" x="271" y="467" o="1" rX="0" rY="0" sX="1" sY="1" w="172" h=""/>
          <frm num="10" x="271" y="467" o="1" rX="0" rY="0" sX="1" sY="1" w="172" h=""/>
        </span>
        <span an="0" ease="0" ac="" bgI="" hd="0" xreg="left" bgA="center" bgR="no-repeat" class="" imgs="50" w="150" fl="0" yreg="top" frmt=";c:rgb(255, 255, 255)">
          <frm num="11" x="271" y="467" o="1" rX="0" rY="0" sX="1" sY="1" w="172" h=""/>
          <frm num="20" x="271" y="467" o="1" rX="0" rY="0" sX="1" sY="1" w="172" h=""/>
        </span>
      </layer>
      <layer id="L43" type="CONTENT">
        <span an="fade-in" ease="0" ac="" bgI="" hd="0" xreg="left" bgA="center" bgR="no-repeat" class="" imgs="50" w="150" fl="0" yreg="top" frmt=";c:rgb(0, 0, 0)">
          <frm num="1" x="306" y="567" o="1" rX="0" rY="0" sX="1" sY="1" w="84" h=""/>
          <frm num="10" x="306" y="567" o="1" rX="0" rY="0" sX="1" sY="1" w="84" h=""/>
        </span>
        <span an="0" ease="0" ac="" bgI="" hd="0" xreg="left" bgA="center" bgR="no-repeat" class="" imgs="50" w="150" fl="0" yreg="top" frmt=";c:rgb(0, 0, 0)">
          <frm num="11" x="306" y="567" o="1" rX="0" rY="0" sX="1" sY="1" w="84" h=""/>
          <frm num="20" x="306" y="567" o="1" rX="0" rY="0" sX="1" sY="1" w="84" h=""/>
        </span>
      </layer>
      <layer id="L44" type="CONTENT">
        <span an="fade-in" ease="0" ac="" bgI="" hd="0" xreg="left" bgA="center" bgR="no-repeat" class="" imgs="50" w="150" fl="0" yreg="top" frmt=";c:rgb(0, 0, 0)">
          <frm num="1" x="546" y="567" o="1" rX="0" rY="0" sX="1" sY="1" w="84" h=""/>
          <frm num="10" x="546" y="567" o="1" rX="0" rY="0" sX="1" sY="1" w="84" h=""/>
        </span>
        <span an="0" ease="0" ac="" bgI="" hd="0" xreg="left" bgA="center" bgR="no-repeat" class="" imgs="50" w="150" fl="0" yreg="top" frmt=";c:rgb(0, 0, 0)">
          <frm num="11" x="546" y="567" o="1" rX="0" rY="0" sX="1" sY="1" w="84" h=""/>
          <frm num="20" x="546" y="567" o="1" rX="0" rY="0" sX="1" sY="1" w="84" h=""/>
        </span>
      </layer>
      <layer id="L45" type="CONTENT">
        <span an="fade-in" ease="0" ac="" bgI="" hd="0" xreg="left" bgA="center" bgR="no-repeat" class="" imgs="50" w="150" fl="0" yreg="top" frmt=";c:rgb(0, 0, 0)">
          <frm num="1" x="771" y="568" o="1" rX="0" rY="0" sX="1" sY="1" w="84" h=""/>
          <frm num="10" x="771" y="568" o="1" rX="0" rY="0" sX="1" sY="1" w="84" h=""/>
        </span>
        <span an="0" ease="0" ac="" bgI="" hd="0" xreg="left" bgA="center" bgR="no-repeat" class="" imgs="50" w="150" fl="0" yreg="top" frmt=";c:rgb(0, 0, 0)">
          <frm num="11" x="771" y="568" o="1" rX="0" rY="0" sX="1" sY="1" w="84" h=""/>
          <frm num="20" x="771" y="568" o="1" rX="0" rY="0" sX="1" sY="1" w="84" h=""/>
        </span>
      </layer>
      <layer id="L16" type="CONTENT">
        <span an="fade-in" ease="0" ac="" bgI="" hd="0" xreg="left" bgA="center" bgR="no-repeat" class="" imgs="50" w="150" fl="0" yreg="top" frmt=";c:rgb(0, 0, 0)">
          <frm num="1" x="1149" y="543" o="1" rX="0" rY="0" sX="1" sY="1" w="84" h=""/>
          <frm num="10" x="1149" y="543" o="1" rX="0" rY="0" sX="1" sY="1" w="84" h=""/>
        </span>
        <span an="0" ease="0" ac="" bgI="" hd="0" xreg="left" bgA="center" bgR="no-repeat" class="" imgs="50" w="150" fl="0" yreg="top" frmt=";c:rgb(0, 0, 0)">
          <frm num="11" x="1149" y="543" o="1" rX="0" rY="0" sX="1" sY="1" w="84" h=""/>
          <frm num="20" x="1149" y="543" o="1" rX="0" rY="0" sX="1" sY="1" w="84" h=""/>
        </span>
      </layer>
      <layer id="L17" type="CONTENT">
        <span an="fade-in" ease="0" ac="" bgI="" hd="0" xreg="left" bgA="center" bgR="no-repeat" class="" imgs="50" w="150" fl="0" yreg="top" frmt=";c:rgb(0, 0, 0)">
          <frm num="1" x="1374" y="543" o="1" rX="0" rY="0" sX="1" sY="1" w="84" h=""/>
          <frm num="10" x="1374" y="543" o="1" rX="0" rY="0" sX="1" sY="1" w="84" h=""/>
        </span>
        <span an="0" ease="0" ac="" bgI="" hd="0" xreg="left" bgA="center" bgR="no-repeat" class="" imgs="50" w="150" fl="0" yreg="top" frmt=";c:rgb(0, 0, 0)">
          <frm num="11" x="1374" y="543" o="1" rX="0" rY="0" sX="1" sY="1" w="84" h=""/>
          <frm num="20" x="1374" y="543" o="1" rX="0" rY="0" sX="1" sY="1" w="84" h=""/>
        </span>
      </layer>
      <layer id="L18" type="CONTENT">
        <span an="fade-in" ease="0" ac="" bgI="" hd="0" xreg="left" bgA="center" bgR="no-repeat" class="" imgs="50" w="150" fl="0" yreg="top" frmt=";c:rgb(0, 0, 0)">
          <frm num="1" x="1607" y="543" o="1" rX="0" rY="0" sX="1" sY="1" w="84" h=""/>
          <frm num="10" x="1607" y="543" o="1" rX="0" rY="0" sX="1" sY="1" w="84" h=""/>
        </span>
        <span an="0" ease="0" ac="" bgI="" hd="0" xreg="left" bgA="center" bgR="no-repeat" class="" imgs="50" w="150" fl="0" yreg="top" frmt=";c:rgb(0, 0, 0)">
          <frm num="11" x="1607" y="543" o="1" rX="0" rY="0" sX="1" sY="1" w="84" h=""/>
          <frm num="20" x="1607" y="543" o="1" rX="0" rY="0" sX="1" sY="1" w="84" h=""/>
        </span>
      </layer>
      <layer id="L32" type="CONTENT">
        <span an="fade-in" ease="0" ac="" bgI="" hd="0" xreg="left" bgA="center" bgR="no-repeat" class="" imgs="50" w="150" fl="0" yreg="top" frmt=";c:rgb(255, 255, 255)">
          <frm num="1" x="556" y="467" o="1" rX="0" rY="0" sX="1" sY="1" w="82" h=""/>
          <frm num="10" x="556" y="467" o="1" rX="0" rY="0" sX="1" sY="1" w="82" h=""/>
        </span>
        <span an="0" ease="0" ac="" bgI="" hd="0" xreg="left" bgA="center" bgR="no-repeat" class="" imgs="50" w="150" fl="0" yreg="top" frmt=";c:rgb(255, 255, 255)">
          <frm num="11" x="556" y="467" o="1" rX="0" rY="0" sX="1" sY="1" w="82" h=""/>
          <frm num="20" x="556" y="467" o="1" rX="0" rY="0" sX="1" sY="1" w="82" h=""/>
        </span>
      </layer>
      <layer id="L34" type="CONTENT">
        <span an="fade-in" ease="0" ac="" bgI="" hd="0" xreg="left" bgA="center" bgR="no-repeat" class="" imgs="50" w="150" fl="0" yreg="top" frmt=";c:rgb(255, 255, 255)">
          <frm num="1" x="776" y="467" o="1" rX="0" rY="0" sX="1" sY="1" w="94" h=""/>
          <frm num="10" x="776" y="467" o="1" rX="0" rY="0" sX="1" sY="1" w="94" h=""/>
        </span>
        <span an="0" ease="0" ac="" bgI="" hd="0" xreg="left" bgA="center" bgR="no-repeat" class="" imgs="50" w="150" fl="0" yreg="top" frmt=";c:rgb(255, 255, 255)">
          <frm num="11" x="776" y="467" o="1" rX="0" rY="0" sX="1" sY="1" w="94" h=""/>
          <frm num="20" x="776" y="467" o="1" rX="0" rY="0" sX="1" sY="1" w="94" h=""/>
        </span>
      </layer>
      <layer id="L42" type="CONTENT">
        <span an="fade-in" ease="0" ac="" bgI="" hd="0" xreg="left" bgA="center" bgR="no-repeat" class="" imgs="50" w="150" fl="0" yreg="top" frmt=";c:rgb(0, 84, 166)">
          <frm num="1" x="861" y="387" o="1" rX="0" rY="0" sX="1" sY="1" w="288" h=""/>
          <frm num="10" x="861" y="387" o="1" rX="0" rY="0" sX="1" sY="1" w="288" h=""/>
        </span>
        <span an="0" ease="0" ac="" bgI="" hd="0" xreg="left" bgA="center" bgR="no-repeat" class="" imgs="50" w="150" fl="0" yreg="top" frmt=";c:rgb(0, 84, 166)">
          <frm num="11" x="861" y="387" o="1" rX="0" rY="0" sX="1" sY="1" w="288" h=""/>
          <frm num="20" x="861" y="387" o="1" rX="0" rY="0" sX="1" sY="1" w="288" h=""/>
        </span>
      </layer>
      <layer id="L40" type="CONTENT">
        <span an="fade-in" ease="0" ac="" bgI="" hd="0" xreg="left" bgA="center" bgR="no-repeat" class="" imgs="50" w="150" fl="0" yreg="top" frmt=";c:rgb(255, 255, 255)">
          <frm num="1" x="1141" y="467" o="1" rX="0" rY="0" sX="1" sY="1" w="118" h=""/>
          <frm num="10" x="1141" y="467" o="1" rX="0" rY="0" sX="1" sY="1" w="118" h=""/>
        </span>
        <span an="0" ease="0" ac="" bgI="" hd="0" xreg="left" bgA="center" bgR="no-repeat" class="" imgs="50" w="150" fl="0" yreg="top" frmt=";c:rgb(255, 255, 255)">
          <frm num="11" x="1141" y="467" o="1" rX="0" rY="0" sX="1" sY="1" w="118" h=""/>
          <frm num="20" x="1141" y="467" o="1" rX="0" rY="0" sX="1" sY="1" w="118" h=""/>
        </span>
      </layer>
      <layer id="L41" type="CONTENT">
        <span an="fade-in" ease="0" ac="" bgI="" hd="0" xreg="left" bgA="center" bgR="no-repeat" class="" imgs="50" w="150" fl="0" yreg="top" frmt=";c:rgb(255, 255, 255)">
          <frm num="1" x="1319" y="467" o="1" rX="0" rY="0" sX="1" sY="1" w="198" h=""/>
          <frm num="10" x="1319" y="467" o="1" rX="0" rY="0" sX="1" sY="1" w="198" h=""/>
        </span>
        <span an="0" ease="0" ac="" bgI="" hd="0" xreg="left" bgA="center" bgR="no-repeat" class="" imgs="50" w="150" fl="0" yreg="top" frmt=";c:rgb(255, 255, 255)">
          <frm num="11" x="1319" y="467" o="1" rX="0" rY="0" sX="1" sY="1" w="198" h=""/>
          <frm num="20" x="1319" y="467" o="1" rX="0" rY="0" sX="1" sY="1" w="198" h=""/>
        </span>
      </layer>
      <layer id="L15" type="CONTENT">
        <span an="fade-in" ease="0" ac="" bgI="" hd="0" xreg="left" bgA="center" bgR="no-repeat" class="" imgs="50" w="150" fl="0" yreg="top" frmt=";c:rgb(255, 255, 255)">
          <frm num="1" x="1551" y="469" o="1" rX="0" rY="0" sX="1" sY="1" w="214" h=""/>
          <frm num="10" x="1551" y="469" o="1" rX="0" rY="0" sX="1" sY="1" w="214" h=""/>
        </span>
        <span an="0" ease="0" ac="" bgI="" hd="0" xreg="left" bgA="center" bgR="no-repeat" class="" imgs="50" w="150" fl="0" yreg="top" frmt=";c:rgb(255, 255, 255)">
          <frm num="11" x="1551" y="469" o="1" rX="0" rY="0" sX="1" sY="1" w="214" h=""/>
          <frm num="20" x="1551" y="469" o="1" rX="0" rY="0" sX="1" sY="1" w="214" h=""/>
        </span>
      </layer>
      <layer id="L35" type="CONTENT">
        <span an="fade-in" ease="0" ac="" bgI="" hd="0" xreg="left" bgA="center" bgR="no-repeat" class="" imgs="50" w="150" fl="0" yreg="top" frmt=";a:center;c:rgb(255, 255, 255);f:frutiger_bold;s:60">
          <frm num="1" x="991" y="427" o="1" rX="0" rY="0" sX="1" sY="1" w="22" h=""/>
          <frm num="10" x="991" y="427" o="1" rX="0" rY="0" sX="1" sY="1" w="22" h=""/>
        </span>
        <span an="0" ease="0" ac="" bgI="" hd="0" xreg="left" bgA="center" bgR="no-repeat" class="" imgs="50" w="150" fl="0" yreg="top" frmt=";a:center;c:rgb(255, 255, 255);f:frutiger_bold;s:60">
          <frm num="11" x="991" y="427" o="1" rX="0" rY="0" sX="1" sY="1" w="22" h=""/>
          <frm num="20" x="991" y="427" o="1" rX="0" rY="0" sX="1" sY="1" w="22" h=""/>
        </span>
      </layer>
      <layer id="i23" type="IMAGE" hide="0">
        <span an="fade-in" ease="0" ac="" bgI="" hd="0" xreg="left" bgA="center" bgR="no-repeat" class="" w="23" h="84" imgs="50" fl="0" yreg="top">
          <frm num="1" x="991" y="529" o="1" rX="0" rY="0" sX="1" sY="1"/>
          <frm num="10" x="991" y="529" o="1" rX="0" rY="0" sX="1" sY="1"/>
        </span>
        <span an="0" ease="0" ac="" bgI="" hd="0" xreg="left" bgA="center" bgR="no-repeat" class="" w="23" h="84" imgs="50" fl="0" yreg="top">
          <frm num="11" x="991" y="529" o="1" rX="0" rY="0" sX="1" sY="1"/>
          <frm num="20" x="991" y="529" o="1" rX="0" rY="0" sX="1" sY="1"/>
        </span>
      </layer>
    </clip>
    <clip id="C2">
      <label/>
      <layer id="L0" type="ACTIONS">
        <span ac="stop;">
          <frm num="20"/>
          <frm num="20"/>
        </span>
      </layer>
      <layer id="L6" type="CONTENT">
        <span an="fade-in" ease="0" ac="" bgI="" hd="0" xreg="left" bgA="center" bgR="no-repeat" class="" imgs="50" w="150" fl="0" yreg="top">
          <frm num="1" x="714" y="229" o="1" rX="0" rY="0" sX="1" sY="1" w="784" h=""/>
          <frm num="10" x="714" y="229" o="1" rX="0" rY="0" sX="1" sY="1" w="784" h=""/>
        </span>
        <span an="0" ease="0" ac="" bgI="" hd="0" xreg="left" bgA="center" bgR="no-repeat" class="" imgs="50" w="150" fl="0" yreg="top">
          <frm num="11" x="714" y="229" o="1" rX="0" rY="0" sX="1" sY="1" w="784" h=""/>
          <frm num="20" x="714" y="229" o="1" rX="0" rY="0" sX="1" sY="1" w="784" h=""/>
        </span>
      </layer>
    </clip>
    <clip id="C3">
      <label/>
      <layer id="L0" type="ACTIONS">
        <span ac="stop;">
          <frm num="20"/>
          <frm num="20"/>
        </span>
      </layer>
      <layer id="L7" type="CONTENT">
        <span an="fade-in" ease="0" ac="" bgI="" hd="0" xreg="left" bgA="center" bgR="no-repeat" class="" imgs="50" w="150" fl="0" yreg="top">
          <frm num="1" x="714" y="229" o="1" rX="0" rY="0" sX="1" sY="1" w="784" h=""/>
          <frm num="10" x="714" y="229" o="1" rX="0" rY="0" sX="1" sY="1" w="784" h=""/>
        </span>
        <span an="0" ease="0" ac="" bgI="" hd="0" xreg="left" bgA="center" bgR="no-repeat" class="" imgs="50" w="150" fl="0" yreg="top">
          <frm num="11" x="714" y="229" o="1" rX="0" rY="0" sX="1" sY="1" w="784" h=""/>
          <frm num="20" x="714" y="229" o="1" rX="0" rY="0" sX="1" sY="1" w="784" h=""/>
        </span>
      </layer>
      <layer id="L13" type="CONTENT">
        <span an="fade-in" ease="0" ac="" bgI="" hd="0" xreg="left" bgA="center" bgR="no-repeat" class="" imgs="50" w="150" fl="0" yreg="top">
          <frm num="1" x="871" y="578" o="1" rX="0" rY="0" sX="1" sY="1" w="44" h=""/>
          <frm num="10" x="871" y="578" o="1" rX="0" rY="0" sX="1" sY="1" w="44" h=""/>
        </span>
        <span an="0" ease="0" ac="" bgI="" hd="0" xreg="left" bgA="center" bgR="no-repeat" class="" imgs="50" w="150" fl="0" yreg="top">
          <frm num="11" x="871" y="578" o="1" rX="0" rY="0" sX="1" sY="1" w="44" h=""/>
          <frm num="20" x="871" y="578" o="1" rX="0" rY="0" sX="1" sY="1" w="44" h=""/>
        </span>
      </layer>
    </clip>
    <clip id="C4">
      <label/>
      <layer id="L0" type="ACTIONS">
        <span ac="stop;">
          <frm num="20"/>
          <frm num="20"/>
        </span>
      </layer>
      <layer id="L8" type="CONTENT">
        <span an="fade-in" ease="0" ac="" bgI="" hd="0" xreg="left" bgA="center" bgR="no-repeat" class="" imgs="50" w="150" fl="0" yreg="top">
          <frm num="1" x="714" y="229" o="1" rX="0" rY="0" sX="1" sY="1" w="784" h=""/>
          <frm num="10" x="714" y="229" o="1" rX="0" rY="0" sX="1" sY="1" w="784" h=""/>
        </span>
        <span an="0" ease="0" ac="" bgI="" hd="0" xreg="left" bgA="center" bgR="no-repeat" class="" imgs="50" w="150" fl="0" yreg="top">
          <frm num="11" x="714" y="229" o="1" rX="0" rY="0" sX="1" sY="1" w="784" h=""/>
          <frm num="20" x="714" y="229" o="1" rX="0" rY="0" sX="1" sY="1" w="784" h=""/>
        </span>
      </layer>
      <layer id="L14" type="CONTENT">
        <span an="fade-in" ease="0" ac="" bgI="" hd="0" xreg="left" bgA="center" bgR="no-repeat" class="" imgs="50" w="150" fl="0" yreg="top">
          <frm num="1" x="906" y="578" o="1" rX="0" rY="0" sX="1" sY="1" w="36" h=""/>
          <frm num="10" x="906" y="578" o="1" rX="0" rY="0" sX="1" sY="1" w="36" h=""/>
        </span>
        <span an="0" ease="0" ac="" bgI="" hd="0" xreg="left" bgA="center" bgR="no-repeat" class="" imgs="50" w="150" fl="0" yreg="top">
          <frm num="11" x="906" y="578" o="1" rX="0" rY="0" sX="1" sY="1" w="32" h=""/>
          <frm num="20" x="906" y="578" o="1" rX="0" rY="0" sX="1" sY="1" w="32" h=""/>
        </span>
      </layer>
      <layer id="H2" type="SHAPE">
        <span an="fade-in" ease="0" ac="" hd="0" xreg="left" w="11" h="11" class="" fl="0" shp="0" rds="22" yreg="top">
          <frm num="1" x="716" y="596" o="1" rX="0" rY="0" sX="1" sY="1" bgC="rgba(0, 0, 0, 1)" bgT="0,0"/>
          <frm num="10" x="716" y="596" o="1" rX="0" rY="0" sX="1" sY="1"/>
        </span>
        <span an="0" ease="0" ac="" hd="0" xreg="left" w="11" h="11" class="" fl="0" shp="0" rds="22" yreg="top">
          <frm num="11" x="716" y="596" o="1" rX="0" rY="0" sX="1" sY="1" bgC="rgba(0, 0, 0, 1)" bgT="0,0"/>
          <frm num="20" x="716" y="596" o="1" rX="0" rY="0" sX="1" sY="1"/>
        </span>
      </layer>
    </clip>
    <clip id="C5">
      <label/>
      <layer id="L0" type="ACTIONS">
        <span ac="stop;">
          <frm num="20"/>
          <frm num="20"/>
        </span>
      </layer>
      <layer id="L9" type="CONTENT">
        <span an="fade-in" ease="0" ac="" bgI="" hd="0" xreg="left" bgA="center" bgR="no-repeat" class="" imgs="50" w="150" fl="0" yreg="top" frmt=";f:frutiger_bold">
          <frm num="1" x="775" y="831" o="1" rX="0" rY="0" sX="1" sY="1" w="456" h=""/>
          <frm num="10" x="775" y="831" o="1" rX="0" rY="0" sX="1" sY="1" w="456" h=""/>
        </span>
        <span an="0" ease="0" ac="" bgI="" hd="0" xreg="left" bgA="center" bgR="no-repeat" class="" imgs="50" w="150" fl="0" yreg="top" frmt=";f:frutiger_bold">
          <frm num="11" x="775" y="831" o="1" rX="0" rY="0" sX="1" sY="1" w="456" h=""/>
          <frm num="20" x="775" y="831" o="1" rX="0" rY="0" sX="1" sY="1" w="456" h=""/>
        </span>
      </layer>
      <layer id="L10" type="CONTENT" hide="0" lock="0">
        <span an="fade-in" ease="0" ac="" bgI="" hd="0" xreg="left" bgA="center" bgR="no-repeat" class="" imgs="50" w="150" fl="0" yreg="top">
          <frm num="1" x="914" y="713" o="1" rX="0" rY="0" sX="1" sY="1" w="76" h=""/>
          <frm num="10" x="914" y="713" o="1" rX="0" rY="0" sX="1" sY="1" w="76" h=""/>
        </span>
        <span an="0" ease="0" ac="" bgI="" hd="0" xreg="left" bgA="center" bgR="no-repeat" class="" imgs="50" w="150" fl="0" yreg="top">
          <frm num="11" x="914" y="713" o="1" rX="0" rY="0" sX="1" sY="1" w="76" h=""/>
          <frm num="20" x="914" y="713" o="1" rX="0" rY="0" sX="1" sY="1" w="76" h=""/>
        </span>
      </layer>
      <layer id="i1" type="IMAGE">
        <span an="fade-in" ease="0" ac="" bgI="" hd="0" xreg="left" bgA="center" bgR="no-repeat" class="" w="69" h="4" imgs="50" fl="0" yreg="top">
          <frm num="1" x="918" y="761" o="1" rX="0" rY="0" sX="0.6" sY="1"/>
          <frm num="10" x="918" y="761" o="1" rX="0" rY="0" sX="0.6" sY="1"/>
        </span>
        <span an="0" ease="0" ac="" bgI="" hd="0" xreg="left" bgA="center" bgR="no-repeat" class="" w="69" h="4" imgs="50" fl="0" yreg="top">
          <frm num="11" x="918" y="761" o="1" rX="0" rY="0" sX="0.6" sY="1"/>
          <frm num="20" x="918" y="761" o="1" rX="0" rY="0" sX="0.6" sY="1"/>
        </span>
      </layer>
      <layer id="L11" type="CONTENT">
        <span an="fade-in" ease="0" ac="" bgI="" hd="0" xreg="left" bgA="center" bgR="no-repeat" class="" imgs="50" w="150" fl="0" yreg="top">
          <frm num="1" x="914" y="765" o="1" rX="0" rY="0" sX="1" sY="1" w="76" h=""/>
          <frm num="10" x="914" y="765" o="1" rX="0" rY="0" sX="1" sY="1" w="76" h=""/>
        </span>
        <span an="0" ease="0" ac="" bgI="" hd="0" xreg="left" bgA="center" bgR="no-repeat" class="" imgs="50" w="150" fl="0" yreg="top">
          <frm num="11" x="914" y="765" o="1" rX="0" rY="0" sX="1" sY="1" w="76" h=""/>
          <frm num="20" x="914" y="765" o="1" rX="0" rY="0" sX="1" sY="1" w="76" h=""/>
        </span>
      </layer>
      <layer id="L12" type="CONTENT">
        <span an="fade-in" ease="0" ac="" bgI="" hd="0" xreg="left" bgA="center" bgR="no-repeat" class="" imgs="50" w="150" fl="0" yreg="top">
          <frm num="1" x="943" y="740" o="1" rX="0" rY="0" sX="1" sY="1" w="178" h=""/>
          <frm num="10" x="943" y="740" o="1" rX="0" rY="0" sX="1" sY="1" w="178" h=""/>
        </span>
        <span an="0" ease="0" ac="" bgI="" hd="0" xreg="left" bgA="center" bgR="no-repeat" class="" imgs="50" w="150" fl="0" yreg="top">
          <frm num="11" x="943" y="740" o="1" rX="0" rY="0" sX="1" sY="1" w="178" h=""/>
          <frm num="20" x="943" y="740" o="1" rX="0" rY="0" sX="1" sY="1" w="178" h=""/>
        </span>
      </layer>
    </clip>
  </clips>
</root>
