﻿<?xml version="1.0"?>
<root>
  <elements>
    <object id="i1" template="IMAGE" hTab="0">
      <i_content>
        <node><![CDATA[<img id="i23" style="-webkit-user-drag: none; width: 1920px; height: 1080px; box-sizing: border-box; pointer-events: auto;  user-select: none;" src="../data/media/common/screen_04_01_bg_8.png?rnd=1626347402381" alt="" class="" contenteditable="false">]]></node>
      </i_content>
    </object>
    <object id="L7" template="CONTENT" hTab="0">
      <i_content>
        <node><![CDATA[zero in the ones place. one in the tenths place. five in the hundredths place.<br>Fifteen over hundred equals fifteen-hundredths]]></node>
      </i_content>
    </object>
    <object id="i2" template="IMAGE" hTab="0">
      <i_content>
        <node><![CDATA[<img id="i69" style="-webkit-user-drag: none; width: 176px; height: 239px; box-sizing: border-box; pointer-events: auto;  user-select: none;" src="../data/media/common/screen_04_01_.png?rnd=1626361735324" alt="" class="" contenteditable="false">]]></node>
      </i_content>
    </object>
    <object id="L2" template="CONTENT" hTab="0">
      <i_content>
        <node><![CDATA[<span class="katex"><span class="katex"><span class="katex-mathml"><math><semantics><mrow><mfrac><mrow><mn>1</mn><mn>5</mn></mrow><mrow><mn>1</mn><mn>0</mn><mn>0</mn></mrow></mfrac><mo>=</mo><mn>0</mn><mi mathvariant="normal">.</mi><mn>1</mn><mn>5</mn></mrow><annotation encoding="application/x-tex">\dfrac{15}{100} = 0.15</annotation></semantics></math></span><span class="katex-html" aria-hidden="true"><span class="strut" style="height:1.32144em;"></span><span class="strut bottom" style="height:2.00744em;vertical-align:-0.686em;"></span><span class="base textstyle uncramped"><span class="mord reset-textstyle displaystyle textstyle uncramped"><span class="sizing reset-size5 size5 reset-textstyle textstyle uncramped nulldelimiter"></span><span class="mfrac"><span class="vlist"><span style="top:0.686em;"><span class="fontsize-ensurer reset-size5 size5"><span style="font-size:0em;">​</span></span><span class="reset-textstyle textstyle cramped"><span class="mord textstyle cramped" style="font-family: frutiger_1;"><span class="mord mathrm">1</span><span class="mord mathrm">0</span><span class="mord mathrm">0</span></span></span></span><span style="top:-0.22999999999999998em;"><span class="fontsize-ensurer reset-size5 size5"><span style="font-size:0em;">​</span></span><span class="reset-textstyle textstyle uncramped frac-line"></span></span><span style="top:-0.677em;"><span style="font-family: frutiger_1;"><span class="fontsize-ensurer reset-size5 size5"><span style="font-size:0em;">​</span></span><span class="reset-textstyle textstyle uncramped"><span class="mord textstyle uncramped"><span class="mord mathrm">1</span><span class="mord mathrm">5</span></span></span></span></span><span class="baseline-fix"><span class="fontsize-ensurer reset-size5 size5"><span style="font-size:0em;">​</span></span>​</span></span></span><span class="sizing reset-size5 size5 reset-textstyle textstyle uncramped nulldelimiter"></span></span><span class="mrel" style="font-family: frutiger_1;">=<span style="font-size:20px;">&nbsp;</span></span><span style="font-family: frutiger_1;"><span class="mord mathrm">0</span><span class="mord mathrm">.</span><span class="mord mathrm">15</span></span></span></span></span></span><br>]]></node>
      </i_content>
    </object>
    <object id="L6" template="CONTENT" hTab="0">
      <i_content>
        <node><![CDATA[Write Fraction with Denominator 100 in Decimals<br>]]></node>
      </i_content>
    </object>
    <object id="i7" template="IMAGE" hTab="0">
      <i_content>
        <node><![CDATA[<img id="i217" style="-webkit-user-drag: none; width: 1169px; height: 114px; box-sizing: border-box; pointer-events: auto;  user-select: none;" src="../data/media/common/titel_bar_blue.png?rnd=1626861736829" alt="" class="" contenteditable="false">]]></node>
      </i_content>
    </object>
    <object id="A3" template="AUDIO" src="a113" hTab="0" tts=""/>
    <object id="i8" template="IMAGE" hTab="0">
      <i_content>
        <node><![CDATA[<img id="i58" style="-webkit-user-drag: none; width: 1650px; height: 158px; box-sizing: border-box; pointer-events: auto;  user-select: none;" src="../data/media/common/sc04_01_number_line.png?rnd=1626352154953" alt="" class="" contenteditable="false">]]></node>
      </i_content>
    </object>
    <object id="L12" template="CONTENT" hTab="0">
      <i_content>
        <node><![CDATA[<span style="font-size: 35px;  font-family: frutiger_bold;">0</span>]]></node>
      </i_content>
    </object>
    <object id="L32" template="CONTENT" hTab="0">
      <i_content>
        <node><![CDATA[<span style="font-size: 35px;  font-family: frutiger_bold;">1</span>]]></node>
      </i_content>
    </object>
    <object id="L13" template="CONTENT" hTab="0">
      <i_content>
        <node><![CDATA[<span class="katex"><span class="katex" style="font-family: frutiger_bold;"><span class="katex-mathml"><math><semantics><mrow><mfrac><mrow><mn>0</mn><mn>5</mn></mrow><mrow><mn>1</mn><mn>0</mn><mn>0</mn></mrow></mfrac></mrow><annotation encoding="application/x-tex">\dfrac{05}{100}</annotation></semantics></math></span><span class="katex-html" aria-hidden="true"><span class="strut" style="height:1.32144em;"></span><span class="strut bottom" style="height:2.00744em;vertical-align:-0.686em;"></span><span class="base textstyle uncramped"><span class="mord reset-textstyle displaystyle textstyle uncramped"><span class="sizing reset-size5 size5 reset-textstyle textstyle uncramped nulldelimiter"></span><span class="mfrac"><span class="vlist" style=""><span style="top:0.686em;"><span class="fontsize-ensurer reset-size5 size5"><span style="font-size:0em;">​</span></span><span class="reset-textstyle textstyle cramped"><span class="mord textstyle cramped" style=""><span class="mord mathrm" style="">1</span><span class="mord mathrm" style="">0</span><span class="mord mathrm" style="">0</span></span></span></span><span style="top:-0.22999999999999998em;"><span class="fontsize-ensurer reset-size5 size5"><span style="font-size:0em;">​</span></span><span class="reset-textstyle textstyle uncramped frac-line"></span></span><span style="top:-0.677em;"><span class="fontsize-ensurer reset-size5 size5"><span style="font-size:0em;">​</span></span><span class="reset-textstyle textstyle uncramped"><span class="mord textstyle uncramped" style=""><span class="mord mathrm" style="">5</span></span></span></span><span class="baseline-fix"><span class="fontsize-ensurer reset-size5 size5"><span style="font-size:0em;">​</span></span>​</span></span></span></span></span></span></span></span><br>]]></node>
      </i_content>
    </object>
    <object id="L1" template="CONTENT" hTab="0">
      <i_content>
        <node><![CDATA[<span class="katex"><span class="katex" style="font-family: frutiger_bold;"><span class="katex-mathml" style=""><math><semantics><mrow><mfrac><mrow><mn>0</mn><mn>5</mn></mrow><mrow><mn>1</mn><mn>0</mn><mn>0</mn></mrow></mfrac></mrow><annotation encoding="application/x-tex">\dfrac{05}{100}</annotation></semantics></math></span><span class="katex-html" aria-hidden="true" style=""><span class="strut" style="height: 1.32144em;"></span><span class="strut bottom" style="height: 2.00744em; vertical-align: -0.686em;"></span><span class="base textstyle uncramped" style=""><span class="mord reset-textstyle displaystyle textstyle uncramped" style=""><span class="sizing reset-size5 size5 reset-textstyle textstyle uncramped nulldelimiter" style=""></span><span class="mfrac" style=""><span class="vlist" style=""><span style="top: 0.686em;"><span class="fontsize-ensurer reset-size5 size5"><span style="font-size:0em;">​</span></span><span class="reset-textstyle textstyle cramped"><span class="mord textstyle cramped" style=""><span class="mord mathrm" style="">1</span><span class="mord mathrm" style="">0</span><span class="mord mathrm" style="">0</span></span></span></span><span style="top: -0.23em;"><span class="fontsize-ensurer reset-size5 size5"><span style="font-size:0em;">​</span></span><span class="reset-textstyle textstyle uncramped frac-line"></span></span><span style="top: -0.677em;"><span class="fontsize-ensurer reset-size5 size5"><span style="font-size:0em;">​1</span></span><span class="reset-textstyle textstyle uncramped"><span class="mord textstyle uncramped" style=""><span class="mord mathrm" style="">10</span></span></span></span><span class="baseline-fix" style=""><span class="fontsize-ensurer reset-size5 size5" style=""><span style="font-size:0em;">​</span></span>​</span></span></span></span></span></span></span></span><br>]]></node>
      </i_content>
    </object>
    <object id="L3" template="CONTENT" hTab="0">
      <i_content>
        <node><![CDATA[<span class="katex"><span class="katex" style="font-family: frutiger_bold;"><span class="katex-mathml"><math><semantics><mrow><mfrac><mrow><mn>0</mn><mn>5</mn></mrow><mrow><mn>1</mn><mn>0</mn><mn>0</mn></mrow></mfrac></mrow><annotation encoding="application/x-tex">\dfrac{05}{100}</annotation></semantics></math></span><span class="katex-html" aria-hidden="true"><span class="strut" style="height:1.32144em;"></span><span class="strut bottom" style="height:2.00744em;vertical-align:-0.686em;"></span><span class="base textstyle uncramped"><span class="mord reset-textstyle displaystyle textstyle uncramped"><span class="sizing reset-size5 size5 reset-textstyle textstyle uncramped nulldelimiter"></span><span class="mfrac"><span class="vlist" style=""><span style="top:0.686em;"><span class="fontsize-ensurer reset-size5 size5"><span style="font-size:0em;">​</span></span><span class="reset-textstyle textstyle cramped" style=""><span class="mord textstyle cramped" style=""><span class="mord mathrm" style="">1</span><span class="mord mathrm" style="">0</span><span class="mord mathrm" style="">0</span></span></span></span><span style="top:-0.22999999999999998em;"><span class="fontsize-ensurer reset-size5 size5"><span style="font-size:0em;">​</span></span><span class="reset-textstyle textstyle uncramped frac-line"></span></span><span style="top:-0.677em;"><span class="fontsize-ensurer reset-size5 size5"><span style="font-size:0em;">​1</span></span><span class="reset-textstyle textstyle uncramped"><span class="mord textstyle uncramped" style=""><span class="mord mathrm" style="">15</span></span></span></span><span class="baseline-fix"><span class="fontsize-ensurer reset-size5 size5"><span style="font-size:0em;">​</span></span>​</span></span></span></span></span></span></span></span><br>]]></node>
      </i_content>
    </object>
    <object id="L4" template="CONTENT" hTab="0">
      <i_content>
        <node><![CDATA[<span class="katex"><span class="katex" style="font-family: frutiger_bold;"><span class="katex-mathml"><math><semantics><mrow><mfrac><mrow><mn>0</mn><mn>5</mn></mrow><mrow><mn>1</mn><mn>0</mn><mn>0</mn></mrow></mfrac></mrow><annotation encoding="application/x-tex">\dfrac{05}{100}</annotation></semantics></math></span><span class="katex-html" aria-hidden="true"><span class="strut" style="height:1.32144em;"></span><span class="strut bottom" style="height:2.00744em;vertical-align:-0.686em;"></span><span class="base textstyle uncramped"><span class="mord reset-textstyle displaystyle textstyle uncramped"><span class="sizing reset-size5 size5 reset-textstyle textstyle uncramped nulldelimiter"></span><span class="mfrac"><span class="vlist" style=""><span style="top:0.686em;"><span class="fontsize-ensurer reset-size5 size5"><span style="font-size:0em;">​</span></span><span class="reset-textstyle textstyle cramped"><span class="mord textstyle cramped" style=""><span class="mord mathrm" style="">1</span><span class="mord mathrm" style="">0</span><span class="mord mathrm" style="">0</span></span></span></span><span style="top:-0.22999999999999998em;"><span class="fontsize-ensurer reset-size5 size5"><span style="font-size:0em;">​</span></span><span class="reset-textstyle textstyle uncramped frac-line"></span></span><span style="top:-0.677em;"><span class="fontsize-ensurer reset-size5 size5"><span style="font-size:0em;">​1</span></span><span class="reset-textstyle textstyle uncramped"><span class="mord textstyle uncramped" style=""><span class="mord mathrm" style="">20</span></span></span></span><span class="baseline-fix"><span class="fontsize-ensurer reset-size5 size5"><span style="font-size:0em;">​</span></span>​</span></span></span></span></span></span></span></span><br>]]></node>
      </i_content>
    </object>
    <object id="L5" template="CONTENT" hTab="0">
      <i_content>
        <node><![CDATA[<span class="katex"><span class="katex" style="font-family: frutiger_bold;"><span class="katex-mathml"><math><semantics><mrow><mfrac><mrow><mn>0</mn><mn>5</mn></mrow><mrow><mn>1</mn><mn>0</mn><mn>0</mn></mrow></mfrac></mrow><annotation encoding="application/x-tex">\dfrac{05}{100}</annotation></semantics></math></span><span class="katex-html" aria-hidden="true"><span class="strut" style="height:1.32144em;"></span><span class="strut bottom" style="height:2.00744em;vertical-align:-0.686em;"></span><span class="base textstyle uncramped"><span class="mord reset-textstyle displaystyle textstyle uncramped"><span class="sizing reset-size5 size5 reset-textstyle textstyle uncramped nulldelimiter"></span><span class="mfrac"><span class="vlist" style=""><span style="top:0.686em;"><span class="fontsize-ensurer reset-size5 size5"><span style="font-size:0em;">​</span></span><span class="reset-textstyle textstyle cramped"><span class="mord textstyle cramped" style=""><span class="mord mathrm" style="">1</span><span class="mord mathrm" style="">0</span><span class="mord mathrm" style="">0</span></span></span></span><span style="top:-0.22999999999999998em;"><span class="fontsize-ensurer reset-size5 size5"><span style="font-size:0em;">​</span></span><span class="reset-textstyle textstyle uncramped frac-line"></span></span><span style="top:-0.677em;"><span class="fontsize-ensurer reset-size5 size5"><span style="font-size:0em;">​1</span></span><span class="reset-textstyle textstyle uncramped"><span class="mord textstyle uncramped" style=""><span class="mord mathrm" style="">25</span></span></span></span><span class="baseline-fix"><span class="fontsize-ensurer reset-size5 size5"><span style="font-size:0em;">​</span></span>​</span></span></span></span></span></span></span></span><br>]]></node>
      </i_content>
    </object>
    <object id="L8" template="CONTENT" hTab="0">
      <i_content>
        <node><![CDATA[<span class="katex"><span class="katex" style="font-family: frutiger_bold;"><span class="katex-mathml"><math><semantics><mrow><mfrac><mrow><mn>0</mn><mn>5</mn></mrow><mrow><mn>1</mn><mn>0</mn><mn>0</mn></mrow></mfrac></mrow><annotation encoding="application/x-tex">\dfrac{05}{100}</annotation></semantics></math></span><span class="katex-html" aria-hidden="true"><span class="strut" style="height:1.32144em;"></span><span class="strut bottom" style="height:2.00744em;vertical-align:-0.686em;"></span><span class="base textstyle uncramped"><span class="mord reset-textstyle displaystyle textstyle uncramped"><span class="sizing reset-size5 size5 reset-textstyle textstyle uncramped nulldelimiter"></span><span class="mfrac"><span class="vlist" style=""><span style="top:0.686em;"><span class="fontsize-ensurer reset-size5 size5"><span style="font-size:0em;">​</span></span><span class="reset-textstyle textstyle cramped"><span class="mord textstyle cramped" style=""><span class="mord mathrm" style="">1</span><span class="mord mathrm" style="">0</span><span class="mord mathrm" style="">0</span></span></span></span><span style="top:-0.22999999999999998em;"><span class="fontsize-ensurer reset-size5 size5"><span style="font-size:0em;">​</span></span><span class="reset-textstyle textstyle uncramped frac-line"></span></span><span style="top:-0.677em;"><span class="fontsize-ensurer reset-size5 size5"><span style="font-size:0em;">​1</span></span><span class="reset-textstyle textstyle uncramped"><span class="mord textstyle uncramped" style=""><span class="mord mathrm" style="">30</span></span></span></span><span class="baseline-fix"><span class="fontsize-ensurer reset-size5 size5"><span style="font-size:0em;">​</span></span>​</span></span></span></span></span></span></span></span><br>]]></node>
      </i_content>
    </object>
    <object id="L9" template="CONTENT" hTab="0">
      <i_content>
        <node><![CDATA[<span class="katex"><span class="katex" style="font-family: frutiger_bold;"><span class="katex-mathml"><math><semantics><mrow><mfrac><mrow><mn>0</mn><mn>5</mn></mrow><mrow><mn>1</mn><mn>0</mn><mn>0</mn></mrow></mfrac></mrow><annotation encoding="application/x-tex">\dfrac{05}{100}</annotation></semantics></math></span><span class="katex-html" aria-hidden="true"><span class="strut" style="height:1.32144em;"></span><span class="strut bottom" style="height:2.00744em;vertical-align:-0.686em;"></span><span class="base textstyle uncramped"><span class="mord reset-textstyle displaystyle textstyle uncramped"><span class="sizing reset-size5 size5 reset-textstyle textstyle uncramped nulldelimiter"></span><span class="mfrac"><span class="vlist" style=""><span style="top:0.686em;"><span class="fontsize-ensurer reset-size5 size5"><span style="font-size:0em;">​</span></span><span class="reset-textstyle textstyle cramped"><span class="mord textstyle cramped" style=""><span class="mord mathrm" style="">1</span><span class="mord mathrm" style="">0</span><span class="mord mathrm" style="">0</span></span></span></span><span style="top:-0.22999999999999998em;"><span class="fontsize-ensurer reset-size5 size5"><span style="font-size:0em;">​</span></span><span class="reset-textstyle textstyle uncramped frac-line"></span></span><span style="top:-0.677em;"><span class="fontsize-ensurer reset-size5 size5"><span style="font-size:0em;">​1</span></span><span class="reset-textstyle textstyle uncramped"><span class="mord textstyle uncramped" style=""><span class="mord mathrm" style="">35</span></span></span></span><span class="baseline-fix"><span class="fontsize-ensurer reset-size5 size5"><span style="font-size:0em;">​</span></span>​</span></span></span></span></span></span></span></span><br>]]></node>
      </i_content>
    </object>
    <object id="L10" template="CONTENT" hTab="0">
      <i_content>
        <node><![CDATA[<span class="katex"><span class="katex" style="font-family: frutiger_bold;"><span class="katex-mathml"><math><semantics><mrow><mfrac><mrow><mn>0</mn><mn>5</mn></mrow><mrow><mn>1</mn><mn>0</mn><mn>0</mn></mrow></mfrac></mrow><annotation encoding="application/x-tex">\dfrac{05}{100}</annotation></semantics></math></span><span class="katex-html" aria-hidden="true"><span class="strut" style="height:1.32144em;"></span><span class="strut bottom" style="height:2.00744em;vertical-align:-0.686em;"></span><span class="base textstyle uncramped"><span class="mord reset-textstyle displaystyle textstyle uncramped"><span class="sizing reset-size5 size5 reset-textstyle textstyle uncramped nulldelimiter"></span><span class="mfrac"><span class="vlist" style=""><span style="top:0.686em;"><span class="fontsize-ensurer reset-size5 size5"><span style="font-size:0em;">​</span></span><span class="reset-textstyle textstyle cramped"><span class="mord textstyle cramped" style=""><span class="mord mathrm" style="">1</span><span class="mord mathrm" style="">0</span><span class="mord mathrm" style="">0</span></span></span></span><span style="top:-0.22999999999999998em;"><span class="fontsize-ensurer reset-size5 size5"><span style="font-size:0em;">​</span></span><span class="reset-textstyle textstyle uncramped frac-line"></span></span><span style="top:-0.677em;"><span class="fontsize-ensurer reset-size5 size5"><span style="font-size:0em;">​1</span></span><span class="reset-textstyle textstyle uncramped"><span class="mord textstyle uncramped" style=""><span class="mord mathrm" style="">40</span></span></span></span><span class="baseline-fix"><span class="fontsize-ensurer reset-size5 size5"><span style="font-size:0em;">​</span></span>​</span></span></span></span></span></span></span></span><br>]]></node>
      </i_content>
    </object>
    <object id="L11" template="CONTENT" hTab="0">
      <i_content>
        <node><![CDATA[<span class="katex"><span class="katex" style="font-family: frutiger_bold;"><span class="katex-mathml"><math><semantics><mrow><mfrac><mrow><mn>0</mn><mn>5</mn></mrow><mrow><mn>1</mn><mn>0</mn><mn>0</mn></mrow></mfrac></mrow><annotation encoding="application/x-tex">\dfrac{05}{100}</annotation></semantics></math></span><span class="katex-html" aria-hidden="true"><span class="strut" style="height:1.32144em;"></span><span class="strut bottom" style="height:2.00744em;vertical-align:-0.686em;"></span><span class="base textstyle uncramped"><span class="mord reset-textstyle displaystyle textstyle uncramped"><span class="sizing reset-size5 size5 reset-textstyle textstyle uncramped nulldelimiter"></span><span class="mfrac"><span class="vlist" style=""><span style="top:0.686em;"><span class="fontsize-ensurer reset-size5 size5"><span style="font-size:0em;">​</span></span><span class="reset-textstyle textstyle cramped"><span class="mord textstyle cramped" style=""><span class="mord mathrm" style="">1</span><span class="mord mathrm" style="">0</span><span class="mord mathrm" style="">0</span></span></span></span><span style="top:-0.22999999999999998em;"><span class="fontsize-ensurer reset-size5 size5"><span style="font-size:0em;">​</span></span><span class="reset-textstyle textstyle uncramped frac-line"></span></span><span style="top:-0.677em;"><span class="fontsize-ensurer reset-size5 size5"><span style="font-size:0em;">​1</span></span><span class="reset-textstyle textstyle uncramped"><span class="mord textstyle uncramped" style=""><span class="mord mathrm" style="">45</span></span></span></span><span class="baseline-fix"><span class="fontsize-ensurer reset-size5 size5"><span style="font-size:0em;">​</span></span>​</span></span></span></span></span></span></span></span><br>]]></node>
      </i_content>
    </object>
    <object id="L14" template="CONTENT" hTab="0">
      <i_content>
        <node><![CDATA[<span class="katex"><span class="katex" style="font-family: frutiger_bold;"><span class="katex-mathml"><math><semantics><mrow><mfrac><mrow><mn>0</mn><mn>5</mn></mrow><mrow><mn>1</mn><mn>0</mn><mn>0</mn></mrow></mfrac></mrow><annotation encoding="application/x-tex">\dfrac{05}{100}</annotation></semantics></math></span><span class="katex-html" aria-hidden="true"><span class="strut" style="height:1.32144em;"></span><span class="strut bottom" style="height:2.00744em;vertical-align:-0.686em;"></span><span class="base textstyle uncramped"><span class="mord reset-textstyle displaystyle textstyle uncramped"><span class="sizing reset-size5 size5 reset-textstyle textstyle uncramped nulldelimiter"></span><span class="mfrac"><span class="vlist" style=""><span style="top:0.686em;"><span class="fontsize-ensurer reset-size5 size5"><span style="font-size:0em;">​</span></span><span class="reset-textstyle textstyle cramped"><span class="mord textstyle cramped" style=""><span class="mord mathrm" style="">1</span><span class="mord mathrm" style="">0</span><span class="mord mathrm" style="">0</span></span></span></span><span style="top:-0.22999999999999998em;"><span class="fontsize-ensurer reset-size5 size5"><span style="font-size:0em;">​</span></span><span class="reset-textstyle textstyle uncramped frac-line"></span></span><span style="top:-0.677em;"><span class="fontsize-ensurer reset-size5 size5"><span style="font-size:0em;">​1</span></span><span class="reset-textstyle textstyle uncramped"><span class="mord textstyle uncramped" style=""><span class="mord mathrm" style="">50</span></span></span></span><span class="baseline-fix"><span class="fontsize-ensurer reset-size5 size5"><span style="font-size:0em;">​</span></span>​</span></span></span></span></span></span></span></span><br>]]></node>
      </i_content>
    </object>
    <object id="L15" template="CONTENT" hTab="0">
      <i_content>
        <node><![CDATA[<span class="katex"><span class="katex" style="font-family: frutiger_bold;"><span class="katex-mathml"><math><semantics><mrow><mfrac><mrow><mn>0</mn><mn>5</mn></mrow><mrow><mn>1</mn><mn>0</mn><mn>0</mn></mrow></mfrac></mrow><annotation encoding="application/x-tex">\dfrac{05}{100}</annotation></semantics></math></span><span class="katex-html" aria-hidden="true"><span class="strut" style="height:1.32144em;"></span><span class="strut bottom" style="height:2.00744em;vertical-align:-0.686em;"></span><span class="base textstyle uncramped"><span class="mord reset-textstyle displaystyle textstyle uncramped"><span class="sizing reset-size5 size5 reset-textstyle textstyle uncramped nulldelimiter"></span><span class="mfrac"><span class="vlist" style=""><span style="top:0.686em;"><span class="fontsize-ensurer reset-size5 size5"><span style="font-size:0em;">​</span></span><span class="reset-textstyle textstyle cramped"><span class="mord textstyle cramped" style=""><span class="mord mathrm" style="">1</span><span class="mord mathrm" style="">0</span><span class="mord mathrm" style="">0</span></span></span></span><span style="top:-0.22999999999999998em;"><span class="fontsize-ensurer reset-size5 size5"><span style="font-size:0em;">​</span></span><span class="reset-textstyle textstyle uncramped frac-line"></span></span><span style="top:-0.677em;"><span class="fontsize-ensurer reset-size5 size5"><span style="font-size:0em;">​1</span></span><span class="reset-textstyle textstyle uncramped"><span class="mord textstyle uncramped" style=""><span class="mord mathrm" style="">55</span></span></span></span><span class="baseline-fix"><span class="fontsize-ensurer reset-size5 size5"><span style="font-size:0em;">​</span></span>​</span></span></span></span></span></span></span></span><br>]]></node>
      </i_content>
    </object>
    <object id="L16" template="CONTENT" hTab="0">
      <i_content>
        <node><![CDATA[<span class="katex"><span class="katex" style="font-family: frutiger_bold;"><span class="katex-mathml"><math><semantics><mrow><mfrac><mrow><mn>0</mn><mn>5</mn></mrow><mrow><mn>1</mn><mn>0</mn><mn>0</mn></mrow></mfrac></mrow><annotation encoding="application/x-tex">\dfrac{05}{100}</annotation></semantics></math></span><span class="katex-html" aria-hidden="true"><span class="strut" style="height:1.32144em;"></span><span class="strut bottom" style="height:2.00744em;vertical-align:-0.686em;"></span><span class="base textstyle uncramped"><span class="mord reset-textstyle displaystyle textstyle uncramped"><span class="sizing reset-size5 size5 reset-textstyle textstyle uncramped nulldelimiter"></span><span class="mfrac"><span class="vlist" style=""><span style="top:0.686em;"><span class="fontsize-ensurer reset-size5 size5"><span style="font-size:0em;">​</span></span><span class="reset-textstyle textstyle cramped"><span class="mord textstyle cramped" style=""><span class="mord mathrm" style="">1</span><span class="mord mathrm" style="">0</span><span class="mord mathrm" style="">0</span></span></span></span><span style="top:-0.22999999999999998em;"><span class="fontsize-ensurer reset-size5 size5"><span style="font-size:0em;">​</span></span><span class="reset-textstyle textstyle uncramped frac-line"></span></span><span style="top:-0.677em;"><span class="fontsize-ensurer reset-size5 size5"><span style="font-size:0em;">​1</span></span><span class="reset-textstyle textstyle uncramped"><span class="mord textstyle uncramped" style=""><span class="mord mathrm" style="">60</span></span></span></span><span class="baseline-fix"><span class="fontsize-ensurer reset-size5 size5"><span style="font-size:0em;">​</span></span>​</span></span></span></span></span></span></span></span><br>]]></node>
      </i_content>
    </object>
    <object id="L17" template="CONTENT" hTab="0">
      <i_content>
        <node><![CDATA[<span class="katex"><span class="katex" style="font-family: frutiger_bold;"><span class="katex-mathml"><math><semantics><mrow><mfrac><mrow><mn>0</mn><mn>5</mn></mrow><mrow><mn>1</mn><mn>0</mn><mn>0</mn></mrow></mfrac></mrow><annotation encoding="application/x-tex">\dfrac{05}{100}</annotation></semantics></math></span><span class="katex-html" aria-hidden="true"><span class="strut" style="height:1.32144em;"></span><span class="strut bottom" style="height:2.00744em;vertical-align:-0.686em;"></span><span class="base textstyle uncramped"><span class="mord reset-textstyle displaystyle textstyle uncramped"><span class="sizing reset-size5 size5 reset-textstyle textstyle uncramped nulldelimiter"></span><span class="mfrac"><span class="vlist" style=""><span style="top:0.686em;"><span class="fontsize-ensurer reset-size5 size5"><span style="font-size:0em;">​</span></span><span class="reset-textstyle textstyle cramped"><span class="mord textstyle cramped" style=""><span class="mord mathrm" style="">1</span><span class="mord mathrm" style="">0</span><span class="mord mathrm" style="">0</span></span></span></span><span style="top:-0.22999999999999998em;"><span class="fontsize-ensurer reset-size5 size5"><span style="font-size:0em;">​</span></span><span class="reset-textstyle textstyle uncramped frac-line"></span></span><span style="top:-0.677em;"><span class="fontsize-ensurer reset-size5 size5"><span style="font-size:0em;">​1</span></span><span class="reset-textstyle textstyle uncramped"><span class="mord textstyle uncramped" style=""><span class="mord mathrm" style="">65</span></span></span></span><span class="baseline-fix"><span class="fontsize-ensurer reset-size5 size5"><span style="font-size:0em;">​</span></span>​</span></span></span></span></span></span></span></span><br>]]></node>
      </i_content>
    </object>
    <object id="L18" template="CONTENT" hTab="0">
      <i_content>
        <node><![CDATA[<span class="katex"><span class="katex" style="font-family: frutiger_bold;"><span class="katex-mathml"><math><semantics><mrow><mfrac><mrow><mn>0</mn><mn>5</mn></mrow><mrow><mn>1</mn><mn>0</mn><mn>0</mn></mrow></mfrac></mrow><annotation encoding="application/x-tex">\dfrac{05}{100}</annotation></semantics></math></span><span class="katex-html" aria-hidden="true"><span class="strut" style="height:1.32144em;"></span><span class="strut bottom" style="height:2.00744em;vertical-align:-0.686em;"></span><span class="base textstyle uncramped"><span class="mord reset-textstyle displaystyle textstyle uncramped"><span class="sizing reset-size5 size5 reset-textstyle textstyle uncramped nulldelimiter"></span><span class="mfrac"><span class="vlist" style=""><span style="top:0.686em;"><span class="fontsize-ensurer reset-size5 size5"><span style="font-size:0em;">​</span></span><span class="reset-textstyle textstyle cramped"><span class="mord textstyle cramped" style=""><span class="mord mathrm" style="">1</span><span class="mord mathrm" style="">0</span><span class="mord mathrm" style="">0</span></span></span></span><span style="top:-0.22999999999999998em;"><span class="fontsize-ensurer reset-size5 size5"><span style="font-size:0em;">​</span></span><span class="reset-textstyle textstyle uncramped frac-line"></span></span><span style="top:-0.677em;"><span class="fontsize-ensurer reset-size5 size5"><span style="font-size:0em;">​1</span></span><span class="reset-textstyle textstyle uncramped"><span class="mord textstyle uncramped" style=""><span class="mord mathrm" style="">70</span></span></span></span><span class="baseline-fix"><span class="fontsize-ensurer reset-size5 size5"><span style="font-size:0em;">​</span></span>​</span></span></span></span></span></span></span></span><br>]]></node>
      </i_content>
    </object>
    <object id="L19" template="CONTENT" hTab="0">
      <i_content>
        <node><![CDATA[<span class="katex"><span class="katex" style="font-family: frutiger_bold;"><span class="katex-mathml"><math><semantics><mrow><mfrac><mrow><mn>0</mn><mn>5</mn></mrow><mrow><mn>1</mn><mn>0</mn><mn>0</mn></mrow></mfrac></mrow><annotation encoding="application/x-tex">\dfrac{05}{100}</annotation></semantics></math></span><span class="katex-html" aria-hidden="true"><span class="strut" style="height:1.32144em;"></span><span class="strut bottom" style="height:2.00744em;vertical-align:-0.686em;"></span><span class="base textstyle uncramped"><span class="mord reset-textstyle displaystyle textstyle uncramped"><span class="sizing reset-size5 size5 reset-textstyle textstyle uncramped nulldelimiter"></span><span class="mfrac"><span class="vlist" style=""><span style="top:0.686em;"><span class="fontsize-ensurer reset-size5 size5"><span style="font-size:0em;">​</span></span><span class="reset-textstyle textstyle cramped"><span class="mord textstyle cramped" style=""><span class="mord mathrm" style="">1</span><span class="mord mathrm" style="">0</span><span class="mord mathrm" style="">0</span></span></span></span><span style="top:-0.22999999999999998em;"><span class="fontsize-ensurer reset-size5 size5"><span style="font-size:0em;">​</span></span><span class="reset-textstyle textstyle uncramped frac-line"></span></span><span style="top:-0.677em;"><span class="fontsize-ensurer reset-size5 size5"><span style="font-size:0em;">​1</span></span><span class="reset-textstyle textstyle uncramped"><span class="mord textstyle uncramped" style=""><span class="mord mathrm" style="">75</span></span></span></span><span class="baseline-fix"><span class="fontsize-ensurer reset-size5 size5"><span style="font-size:0em;">​</span></span>​</span></span></span></span></span></span></span></span><br>]]></node>
      </i_content>
    </object>
    <object id="L20" template="CONTENT" hTab="0">
      <i_content>
        <node><![CDATA[<span class="katex"><span class="katex" style="font-family: frutiger_bold;"><span class="katex-mathml"><math><semantics><mrow><mfrac><mrow><mn>0</mn><mn>5</mn></mrow><mrow><mn>1</mn><mn>0</mn><mn>0</mn></mrow></mfrac></mrow><annotation encoding="application/x-tex">\dfrac{05}{100}</annotation></semantics></math></span><span class="katex-html" aria-hidden="true"><span class="strut" style="height:1.32144em;"></span><span class="strut bottom" style="height:2.00744em;vertical-align:-0.686em;"></span><span class="base textstyle uncramped"><span class="mord reset-textstyle displaystyle textstyle uncramped"><span class="sizing reset-size5 size5 reset-textstyle textstyle uncramped nulldelimiter"></span><span class="mfrac"><span class="vlist" style=""><span style="top:0.686em;"><span class="fontsize-ensurer reset-size5 size5"><span style="font-size:0em;">​</span></span><span class="reset-textstyle textstyle cramped"><span class="mord textstyle cramped" style=""><span class="mord mathrm" style="">1</span><span class="mord mathrm" style="">0</span><span class="mord mathrm" style="">0</span></span></span></span><span style="top:-0.22999999999999998em;"><span class="fontsize-ensurer reset-size5 size5"><span style="font-size:0em;">​</span></span><span class="reset-textstyle textstyle uncramped frac-line"></span></span><span style="top:-0.677em;"><span class="fontsize-ensurer reset-size5 size5"><span style="font-size:0em;">​1</span></span><span class="reset-textstyle textstyle uncramped"><span class="mord textstyle uncramped" style=""><span class="mord mathrm" style="">80</span></span></span></span><span class="baseline-fix"><span class="fontsize-ensurer reset-size5 size5"><span style="font-size:0em;">​</span></span>​</span></span></span></span></span></span></span></span><br>]]></node>
      </i_content>
    </object>
    <object id="L21" template="CONTENT" hTab="0">
      <i_content>
        <node><![CDATA[<span class="katex"><span class="katex" style="font-family: frutiger_bold;"><span class="katex-mathml"><math><semantics><mrow><mfrac><mrow><mn>0</mn><mn>5</mn></mrow><mrow><mn>1</mn><mn>0</mn><mn>0</mn></mrow></mfrac></mrow><annotation encoding="application/x-tex">\dfrac{05}{100}</annotation></semantics></math></span><span class="katex-html" aria-hidden="true"><span class="strut" style="height:1.32144em;"></span><span class="strut bottom" style="height:2.00744em;vertical-align:-0.686em;"></span><span class="base textstyle uncramped"><span class="mord reset-textstyle displaystyle textstyle uncramped"><span class="sizing reset-size5 size5 reset-textstyle textstyle uncramped nulldelimiter"></span><span class="mfrac"><span class="vlist" style=""><span style="top:0.686em;"><span class="fontsize-ensurer reset-size5 size5"><span style="font-size:0em;">​</span></span><span class="reset-textstyle textstyle cramped"><span class="mord textstyle cramped" style=""><span class="mord mathrm" style="">1</span><span class="mord mathrm" style="">0</span><span class="mord mathrm" style="">0</span></span></span></span><span style="top: -0.23em; "><span class="fontsize-ensurer reset-size5 size5"><span style="font-size:0em;">​</span></span><span class="reset-textstyle textstyle uncramped frac-line"></span></span><span style="top:-0.677em;"><span class="fontsize-ensurer reset-size5 size5"><span style="font-size:0em;">​1</span></span><span class="reset-textstyle textstyle uncramped"><span class="mord textstyle uncramped" style=""><span class="mord mathrm" style="">85</span></span></span></span><span class="baseline-fix"><span class="fontsize-ensurer reset-size5 size5"><span style="font-size:0em;">​</span></span>​</span></span></span></span></span></span></span></span><br>]]></node>
      </i_content>
    </object>
    <object id="L22" template="CONTENT" hTab="0">
      <i_content>
        <node><![CDATA[<span class="katex"><span class="katex" style="font-family: frutiger_bold;"><span class="katex-mathml"><math><semantics><mrow><mfrac><mrow><mn>0</mn><mn>5</mn></mrow><mrow><mn>1</mn><mn>0</mn><mn>0</mn></mrow></mfrac></mrow><annotation encoding="application/x-tex">\dfrac{05}{100}</annotation></semantics></math></span><span class="katex-html" aria-hidden="true" style=""><span class="strut" style="height:1.32144em;"></span><span class="strut bottom" style="height:2.00744em;vertical-align:-0.686em;"></span><span class="base textstyle uncramped"><span class="mord reset-textstyle displaystyle textstyle uncramped"><span class="sizing reset-size5 size5 reset-textstyle textstyle uncramped nulldelimiter"></span><span class="mfrac"><span class="vlist" style=""><span style="top:0.686em;"><span class="fontsize-ensurer reset-size5 size5"><span style="font-size:0em;">​</span></span><span class="reset-textstyle textstyle cramped"><span class="mord textstyle cramped" style=""><span class="mord mathrm" style="">1</span><span class="mord mathrm" style="">0</span><span class="mord mathrm" style="">0</span></span></span></span><span style="top: -0.23em; "><span class="fontsize-ensurer reset-size5 size5"><span style="font-size:0em;">​</span></span><span class="reset-textstyle textstyle uncramped frac-line" style=""></span></span><span style="top:-0.677em;"><span class="fontsize-ensurer reset-size5 size5"><span style="font-size:0em;">​1</span></span><span class="reset-textstyle textstyle uncramped" style=""><span class="mord textstyle uncramped" style=""><span class="mord mathrm" style="">90</span></span></span></span><span class="baseline-fix"><span class="fontsize-ensurer reset-size5 size5"><span style="font-size:0em;">​</span></span>​</span></span></span></span></span></span></span></span><br>]]></node>
      </i_content>
    </object>
    <object id="L23" template="CONTENT" hTab="0">
      <i_content>
        <node><![CDATA[<span class="katex"><span class="katex" style="font-family: frutiger_bold;"><span class="katex-mathml"><math><semantics><mrow><mfrac><mrow><mn>0</mn><mn>5</mn></mrow><mrow><mn>1</mn><mn>0</mn><mn>0</mn></mrow></mfrac></mrow><annotation encoding="application/x-tex">\dfrac{05}{100}</annotation></semantics></math></span><span class="katex-html" aria-hidden="true" style=""><span class="strut" style="height:1.32144em;"></span><span class="strut bottom" style="height:2.00744em;vertical-align:-0.686em;"></span><span class="base textstyle uncramped"><span class="mord reset-textstyle displaystyle textstyle uncramped"><span class="sizing reset-size5 size5 reset-textstyle textstyle uncramped nulldelimiter"></span><span class="mfrac"><span class="vlist" style=""><span style="top:0.686em;"><span class="fontsize-ensurer reset-size5 size5"><span style="font-size:0em;">​</span></span><span class="reset-textstyle textstyle cramped"><span class="mord textstyle cramped" style=""><span class="mord mathrm" style="">1</span><span class="mord mathrm" style="">0</span><span class="mord mathrm" style="">0</span></span></span></span><span style="top: -0.23em; "><span class="fontsize-ensurer reset-size5 size5"><span style="font-size:0em;">​</span></span><span class="reset-textstyle textstyle uncramped frac-line" style=""></span></span><span style="top:-0.677em;"><span class="fontsize-ensurer reset-size5 size5"><span style="font-size:0em;">​1</span></span><span class="reset-textstyle textstyle uncramped" style=""><span class="mord textstyle uncramped" style=""><span class="mord mathrm" style="">95</span></span></span></span><span class="baseline-fix"><span class="fontsize-ensurer reset-size5 size5"><span style="font-size:0em;">​</span></span>​</span></span></span></span></span></span></span></span><br>]]></node>
      </i_content>
    </object>
    <object id="L43" template="CONTENT" hTab="0">
      <i_content>
        <node><![CDATA[Place Value Chart]]></node>
      </i_content>
    </object>
    <object id="L45" template="CONTENT" hTab="0">
      <i_content>
        <node><![CDATA[<span style="font-size:32px;">Tens</span>]]></node>
      </i_content>
    </object>
    <object id="L73" template="CONTENT" hTab="0">
      <i_content>
        <node><![CDATA[Hundreds<br>]]></node>
      </i_content>
    </object>
    <object id="L74" template="CONTENT" hTab="0">
      <i_content>
        <node><![CDATA[Ones<br>]]></node>
      </i_content>
    </object>
    <object id="L76" template="CONTENT" hTab="0">
      <i_content>
        <node><![CDATA[Tenths<br>]]></node>
      </i_content>
    </object>
    <object id="L77" template="CONTENT" hTab="0">
      <i_content>
        <node><![CDATA[Hundredths<br>]]></node>
      </i_content>
    </object>
    <object id="L80" template="CONTENT" hTab="0">
      <i_content>
        <node><![CDATA[<span style="font-family: frutiger_bold; font-size:80px;">.</span><br>]]></node>
      </i_content>
    </object>
    <object id="L29" template="CONTENT" hTab="0">
      <i_content>
        <node><![CDATA[<b style="">.</b><br>]]></node>
      </i_content>
    </object>
    <object id="L78" template="CONTENT" hTab="0">
      <i_content>
        <node><![CDATA[Thousandths<br>]]></node>
      </i_content>
    </object>
    <object id="L30" template="CONTENT" hTab="0">
      <i_content>
        <node><![CDATA[<span style="font-family: frutiger_bold;  font-size:60px;">0</span><br>]]></node>
      </i_content>
    </object>
    <object id="L31" template="CONTENT" hTab="0">
      <i_content>
        <node><![CDATA[<span style="font-family: frutiger_bold;  font-size:60px;">1</span><br>]]></node>
      </i_content>
    </object>
    <object id="L33" template="CONTENT" hTab="0">
      <i_content>
        <node><![CDATA[<span style="font-family: frutiger_bold;  font-size:60px;">5</span><br>]]></node>
      </i_content>
    </object>
    <object id="L37" template="CONTENT" hTab="0">
      <i_content>
        <node><![CDATA[<span style="font-family: frutiger_bold;">0.15</span>]]></node>
      </i_content>
    </object>
    <object id="H1" template="SHAPE" hTab="0"/>
    <object id="A1" template="AUDIO" src="a110" hTab="0" tts=""/>
    <object id="A2" template="AUDIO" src="a111" hTab="0" tts=""/>
    <object id="A7" template="AUDIO" src="a112" hTab="0" tts=""/>
    <object id="L24" template="CONTENT" hTab="0">
      <i_content>
        <node><![CDATA[<span style=""><span style="font-family: frutiger_1;">In</span><span style="font-family: frutiger_1; font-size: 20px;">&nbsp;</span><span class="katex" style=""><span class="katex" style=""><span class="katex-mathml" style="font-family: frutiger_1;"><math><semantics><mrow><mfrac><mrow><mn>0</mn><mn>5</mn></mrow><mrow><mn>1</mn><mn>0</mn><mn>0</mn></mrow></mfrac></mrow><annotation encoding="application/x-tex">\dfrac{05}{100}</annotation></semantics></math></span><span class="katex-html" aria-hidden="true" style=""><span class="strut" style="font-family: frutiger_1; height: 1.32144em;"></span><span class="strut bottom" style="font-family: frutiger_1; height: 2.00744em; vertical-align: -0.686em;"></span><span class="base textstyle uncramped" style=""><span class="mord reset-textstyle displaystyle textstyle uncramped" style=""><span class="sizing reset-size5 size5 reset-textstyle textstyle uncramped nulldelimiter" style="font-family: frutiger_1;"></span><span class="mfrac" style=""><span class="vlist" style=""><span style="font-family: frutiger_1; top: 0.686em;"><span class="fontsize-ensurer reset-size5 size5"><span style="font-size:0em;">​</span></span><span class="reset-textstyle textstyle cramped"><span class="mord textstyle cramped"><span class="mord mathrm">1</span><span class="mord mathrm" style="">0</span><span class="mord mathrm" style="">0</span></span></span></span><span style="font-family: frutiger_1; top: -0.23em;"><span class="fontsize-ensurer reset-size5 size5"><span style="font-size:0em;">​</span></span><span class="reset-textstyle textstyle uncramped frac-line"></span></span><span style="top: -0.677em;"><span class="fontsize-ensurer reset-size5 size5" style="font-family: frutiger_1;"><span style="font-size:0em;">​</span></span><span class="reset-textstyle textstyle uncramped" style=""><span class="mord textstyle uncramped" style="font-family: frutiger_1;"><span class="mord mathrm" style="">1</span><span class="mord mathrm" style="">5</span></span></span></span><span class="baseline-fix" style="font-family: frutiger_1;"><span class="fontsize-ensurer reset-size5 size5" style=""><span style="font-size:0em;">​</span></span>​</span></span></span></span></span></span></span></span><span style="font-family: frutiger_1; font-size:10px;">&nbsp;</span><span style="font-family: frutiger_1; ">, there is no whole number.</span></span>]]></node>
      </i_content>
    </object>
    <object id="L25" template="CONTENT" hTab="0">
      <i_content>
        <node><![CDATA[So, there are 0 ones, 1 tenth, and 5 hundredths.]]></node>
      </i_content>
    </object>
    <object id="L38" template="CONTENT" hTab="0">
      <i_content>
        <node><![CDATA[Fill in the blanks to show the decimal number in the place value chart.]]></node>
      </i_content>
    </object>
    <object id="L39" template="CONTENT" hTab="0">
      <i_content>
        <node><![CDATA[0 in the ones place.]]></node>
      </i_content>
    </object>
    <object id="L40" template="CONTENT" hTab="0">
      <i_content>
        <node><![CDATA[1 in the tenths place.]]></node>
      </i_content>
    </object>
    <object id="L41" template="CONTENT" hTab="0">
      <i_content>
        <node><![CDATA[5 in the hundredths place.]]></node>
      </i_content>
    </object>
    <object id="H2" template="SHAPE" hTab="0"/>
    <object id="i4" template="IMAGE" hTab="0" tzoom="0">
      <i_content>
        <node><![CDATA[<img id="i57" style="-webkit-user-drag: none; width: 1340px; height: 420px; box-sizing: border-box; pointer-events: auto;  user-select: none;" src="../data/media/common/screen_04_pvcbox_01.png?rnd=1626356031197" alt="" class="" contenteditable="false">]]></node>
      </i_content>
    </object>
    <object id="H3" template="SHAPE" hTab="0"/>
    <object id="H4" template="SHAPE" hTab="0"/>
  </elements>
  <timeline fps="15">
    <label/>
    <layer id="L0" type="ACTIONS">
      <span ac="stop;" xreg="left" yreg="top">
        <frm num="212"/>
        <frm num="212"/>
      </span>
    </layer>
    <layer id="A3" type="AUDIO">
      <span an="0" ease="0" hd="0" xreg="left" w="" h="" sA="1" fl="0" yreg="top" sE="" sATL="0">
        <frm num="137" x="50" y="120"/>
        <frm num="195" x="50" y="120"/>
      </span>
    </layer>
    <layer id="i1" type="IMAGE" hide="0" lb="BG" lock="1">
      <span an="0" ease="0" ac="" bgI="" hd="0" xreg="left" bgA="center" bgR="no-repeat" class="" w="1920" h="1080" imgs="50" fl="0" yreg="top">
        <frm num="1" x="0" y="0" o="1" rX="0" rY="0" sX="1" sY="1"/>
        <frm num="212" x="0" y="0" o="1" rX="0" rY="0" sX="1" sY="1"/>
      </span>
    </layer>
    <layer id="i7" type="IMAGE" hide="0" lock="0">
      <span an="0" ease="0" ac="" bgI="" hd="0" xreg="left" bgA="center" bgR="no-repeat" class="" w="1240" h="98" imgs="50" fl="0" yreg="top">
        <frm num="1" x="340" y="0" o="1" rX="0" rY="0" sX="1" sY="1"/>
        <frm num="212" x="340" y="0" o="1" rX="0" rY="0" sX="1" sY="1"/>
      </span>
    </layer>
    <layer id="L6" type="CONTENT" hide="0" lock="0" lb="Title">
      <span an="0" ease="0" ac="" bgI="" hd="0" xreg="left" bgA="center" bgR="no-repeat" class="int_page_tittle" imgs="50" w="150" fl="0" yreg="top" frmt=";a:center;s:40;c:rgb(255, 255, 255);f:frutiger_bold" aS="1000">
        <frm num="1" x="447" y="14" o="1" rX="0" rY="0" sX="1" sY="1" w="1026" h="55"/>
        <frm num="212" x="447" y="14" o="1" rX="0" rY="0" sX="1" sY="1" w="1026" h="55"/>
      </span>
    </layer>
    <layer id="L7" type="CONTENT" lb="Transcript" lock="0">
      <span an="0" ease="0" ac="" bgI="" hd="0" xreg="left" bgA="center" bgR="no-repeat" class="" imgs="50" w="150" fl="0" yreg="top">
        <frm num="1" x="-490" y="115" o="1" rX="0" rY="0" sX="1" sY="1" w="469" h=""/>
        <frm num="212" x="-490" y="115" o="1" rX="0" rY="0" sX="1" sY="1" w="469" h=""/>
      </span>
    </layer>
    <layer id="H1" type="SHAPE">
      <span an="fade-in" ease="0" ac="" hd="0" xreg="left" w="94" h="48" class="" fl="0" shp="0" rds="22" yreg="top">
        <frm num="140" x="970" y="450" o="1" rX="0" rY="0" sX="1" sY="1" bgC="rgba(255, 255, 0, 1)" bgT="0,0"/>
        <frm num="149" x="970" y="450" o="1" rX="0" rY="0" sX="1" sY="1"/>
      </span>
      <span an="0" ease="0" ac="" hd="0" xreg="left" w="94" h="48" class="" fl="0" shp="0" rds="22" yreg="top">
        <frm num="150" x="970" y="450" o="1" rX="0" rY="0" sX="1" sY="1" bgC="rgba(255, 255, 0, 1)" bgT="0,0"/>
        <frm num="212" x="970" y="450" o="1" rX="0" rY="0" sX="1" sY="1"/>
      </span>
    </layer>
    <layer id="C1" type="CLIP" clipid="C1" hide="0">
      <span an="fade-in" ease="0" hd="0" xreg="left" w="150" h="150" fl="0" yreg="top">
        <frm num="140" x="0" y="130" o="1" rX="0" rY="0" sX="1" sY="1"/>
        <frm num="149" x="0" y="130" o="1" rX="0" rY="0" sX="1" sY="1"/>
      </span>
      <span an="0" ease="0" hd="0" xreg="left" w="150" h="150" fl="0" yreg="top">
        <frm num="150" x="0" y="130" o="1" rX="0" rY="0" sX="1" sY="1"/>
        <frm num="212" x="0" y="130" o="1" rX="0" rY="0" sX="1" sY="1"/>
      </span>
    </layer>
    <layer id="L2" type="CONTENT" lb="In this lesson, you will learn">
      <span an="fade-in" ease="0" ac="" bgI="" hd="0" xreg="left" bgA="center" bgR="no-repeat" class="" imgs="50" w="204" fl="0" yreg="top" frmt="" h="">
        <frm num="140" x="858" y="434" o="1" rX="0" rY="0" sX="1" sY="1" w="" h=""/>
        <frm num="149" x="858" y="434" o="1" rX="0" rY="0" sX="1" sY="1" w="" h=""/>
      </span>
      <span an="0" ease="0" ac="" bgI="" hd="0" xreg="left" bgA="center" bgR="no-repeat" class="" imgs="50" w="204" fl="0" yreg="top" frmt="" h="">
        <frm num="150" x="858" y="434" o="1" rX="0" rY="0" sX="1" sY="1" w="" h=""/>
        <frm num="212" x="858" y="434" o="1" rX="0" rY="0" sX="1" sY="1" w="" h=""/>
      </span>
    </layer>
    <layer id="C5" type="CLIP" clipid="C5" lb="Number_Line">
      <span an="fade-in" ease="0" hd="0" xreg="left" w="150" h="150" fl="0" yreg="top">
        <frm num="140" x="0" y="130" o="1" rX="0" rY="0" sX="1" sY="1"/>
        <frm num="149" x="0" y="130" o="1" rX="0" rY="0" sX="1" sY="1"/>
      </span>
      <span an="0" ease="0" hd="0" xreg="left" w="150" h="150" fl="0" yreg="top">
        <frm num="150" x="0" y="130" o="1" rX="0" rY="0" sX="1" sY="1"/>
        <frm num="212" x="0" y="130" o="1" rX="0" rY="0" sX="1" sY="1"/>
      </span>
    </layer>
    <layer id="A1" type="AUDIO">
      <span an="0" ease="0" hd="0" xreg="left" w="" h="" sA="1" fl="0" yreg="top" sE="3.38" sATL="0">
        <frm num="14" x="108" y="146"/>
        <frm num="49" x="108" y="146"/>
      </span>
    </layer>
    <layer id="A2" type="AUDIO">
      <span an="0" ease="0" hd="0" xreg="left" w="" h="" sA="1" fl="0" yreg="top" sE="" sATL="0">
        <frm num="54" x="50" y="120"/>
        <frm num="81" x="50" y="120"/>
      </span>
    </layer>
    <layer id="A7" type="AUDIO">
      <span an="0" ease="0" hd="0" xreg="left" w="" h="" sA="1" fl="0" yreg="top" sE="" sATL="0">
        <frm num="88" x="50" y="120"/>
        <frm num="118" x="50" y="120"/>
      </span>
    </layer>
    <layer id="L24" type="CONTENT" hide="0" lock="0" lb="look_at_the_tab">
      <span an="0" ease="0" ac="" bgI="" hd="0" xreg="left" bgA="center" bgR="no-repeat" class="int_ostdefaultStyle" imgs="50" w="150" fl="0" yreg="top" frmt="">
        <frm num="1" x="401" y="178" o="1" rX="0" rY="0" sX="1" sY="1" w="1105" h=""/>
        <frm num="6" x="401" y="178" o="1" rX="0" rY="0" sX="1" sY="1" w="1105" h=""/>
      </span>
      <span an="fade-out" ease="0" ac="" bgI="" hd="0" xreg="left" bgA="center" bgR="no-repeat" class="int_ostdefaultStyle" imgs="50" w="150" fl="0" yreg="top" frmt="">
        <frm num="7" x="401" y="178" o="1" rX="0" rY="0" sX="1" sY="1" w="1105" h=""/>
        <frm num="15" x="401" y="178" o="1" rX="0" rY="0" sX="1" sY="1" w="1105" h=""/>
      </span>
    </layer>
    <layer id="L25" type="CONTENT" lb="Can you finish" lock="0" hide="0">
      <span an="0" ease="0" ac="" bgI="" hd="0" xreg="left" bgA="center" bgR="no-repeat" class="" imgs="50" w="150" fl="0" yreg="top" frmt=";a:center;s:40">
        <frm num="1" x="487" y="270" o="1" rX="0" rY="0" sX="1" sY="1" w="946" h=""/>
        <frm num="6" x="487" y="270" o="1" rX="0" rY="0" sX="1" sY="1" w="946" h=""/>
      </span>
      <span an="fade-out" ease="0" ac="" bgI="" hd="0" xreg="left" bgA="center" bgR="no-repeat" class="" imgs="50" w="150" fl="0" yreg="top" frmt=";a:center;s:40">
        <frm num="7" x="487" y="270" o="1" rX="0" rY="0" sX="1" sY="1" w="946" h=""/>
        <frm num="15" x="487" y="270" o="1" rX="0" rY="0" sX="1" sY="1" w="946" h=""/>
      </span>
    </layer>
    <layer id="L38" type="CONTENT" lb="Can you finish" lock="0" hide="0">
      <span an="0" ease="0" ac="" bgI="" hd="0" xreg="left" bgA="center" bgR="no-repeat" class="" imgs="50" w="150" fl="0" yreg="top" frmt=";a:center;s:40">
        <frm num="1" x="324" y="340" o="1" rX="0" rY="0" sX="1" sY="1" w="1272" h=""/>
        <frm num="6" x="324" y="340" o="1" rX="0" rY="0" sX="1" sY="1" w="1272" h=""/>
      </span>
      <span an="fade-out" ease="0" ac="" bgI="" hd="0" xreg="left" bgA="center" bgR="no-repeat" class="" imgs="50" w="150" fl="0" yreg="top" frmt=";a:center;s:40">
        <frm num="7" x="324" y="340" o="1" rX="0" rY="0" sX="1" sY="1" w="1272" h=""/>
        <frm num="15" x="324" y="340" o="1" rX="0" rY="0" sX="1" sY="1" w="1272" h=""/>
      </span>
    </layer>
    <layer id="L39" type="CONTENT" lb="Can you finish" lock="0" hide="0">
      <span an="fade-in" ease="0" ac="" bgI="" hd="0" xreg="left" bgA="center" bgR="no-repeat" class="" imgs="50" w="150" fl="0" yreg="top" frmt=";a:center;s:40">
        <frm num="16" x="309" y="197" o="1" rX="0" rY="0" sX="1" sY="1" w="1272" h=""/>
        <frm num="25" x="309" y="197" o="1" rX="0" rY="0" sX="1" sY="1" w="1272" h=""/>
      </span>
      <span an="0" ease="0" ac="" bgI="" hd="0" xreg="left" bgA="center" bgR="no-repeat" class="" imgs="50" w="150" fl="0" yreg="top" frmt=";a:center;s:40">
        <frm num="26" x="309" y="197" o="1" rX="0" rY="0" sX="1" sY="1" w="1272" h=""/>
        <frm num="212" x="309" y="197" o="1" rX="0" rY="0" sX="1" sY="1" w="1272" h=""/>
      </span>
    </layer>
    <layer id="L40" type="CONTENT" lb="Can you finish" lock="0" hide="0">
      <span an="fade-in" ease="0" ac="" bgI="" hd="0" xreg="left" bgA="center" bgR="no-repeat" class="" imgs="50" w="150" fl="0" yreg="top" frmt=";a:center;s:40">
        <frm num="56" x="309" y="264" o="1" rX="0" rY="0" sX="1" sY="1" w="1272" h=""/>
        <frm num="65" x="309" y="264" o="1" rX="0" rY="0" sX="1" sY="1" w="1272" h=""/>
      </span>
      <span an="0" ease="0" ac="" bgI="" hd="0" xreg="left" bgA="center" bgR="no-repeat" class="" imgs="50" w="150" fl="0" yreg="top" frmt=";a:center;s:40">
        <frm num="66" x="309" y="264" o="1" rX="0" rY="0" sX="1" sY="1" w="1272" h=""/>
        <frm num="212" x="309" y="264" o="1" rX="0" rY="0" sX="1" sY="1" w="1272" h=""/>
      </span>
    </layer>
    <layer id="L41" type="CONTENT" lb="Can you finish" lock="0" hide="0">
      <span an="fade-in" ease="0" ac="" bgI="" hd="0" xreg="left" bgA="center" bgR="no-repeat" class="" imgs="50" w="150" fl="0" yreg="top" frmt=";a:center;s:40">
        <frm num="91" x="309" y="331" o="1" rX="0" rY="0" sX="1" sY="1" w="1272" h=""/>
        <frm num="100" x="309" y="331" o="1" rX="0" rY="0" sX="1" sY="1" w="1272" h=""/>
      </span>
      <span an="0" ease="0" ac="" bgI="" hd="0" xreg="left" bgA="center" bgR="no-repeat" class="" imgs="50" w="150" fl="0" yreg="top" frmt=";a:center;s:40">
        <frm num="101" x="309" y="331" o="1" rX="0" rY="0" sX="1" sY="1" w="1272" h=""/>
        <frm num="212" x="309" y="331" o="1" rX="0" rY="0" sX="1" sY="1" w="1272" h=""/>
      </span>
    </layer>
    <layer id="C2" type="CLIP" clipid="C2" lb="questionimgmc" hide="0" lock="0">
      <span an="0" ease="0" hd="0" xreg="left" w="1526" h="400" fl="0" yreg="top">
        <frm num="1" x="197" y="226" o="1" rX="0" rY="0" sX="1" sY="1"/>
        <frm num="129" x="197" y="226" o="1" rX="0" rY="0" sX="1" sY="1"/>
      </span>
      <span an="fade-out" ease="0" hd="0" xreg="left" w="1526" h="400" fl="0" yreg="top">
        <frm num="130" x="197" y="226" o="1" rX="0" rY="0" sX="1" sY="1"/>
        <frm num="139" x="197" y="226" o="1" rX="0" rY="0" sX="1" sY="1"/>
      </span>
    </layer>
    <layer id="H2" type="SHAPE">
      <span an="fade-in" ease="0" ac="" hd="0" xreg="left" w="78" h="65" class="" fl="0" shp="0" rds="22" yreg="top">
        <frm num="16" x="713" y="599" o="1" rX="0" rY="0" sX="1" sY="1" bgC="rgba(255, 255, 0, 1)" bgT="0,0"/>
        <frm num="25" x="713" y="599" o="1" rX="0" rY="0" sX="1" sY="1"/>
      </span>
      <span an="0" ease="0" ac="" hd="0" xreg="left" w="78" h="65" class="" fl="0" shp="0" rds="22" yreg="top">
        <frm num="26" x="713" y="599" o="1" rX="0" rY="0" sX="1" sY="1" bgC="rgba(255, 255, 0, 1)" bgT="0,0"/>
        <frm num="129" x="713" y="599" o="1" rX="0" rY="0" sX="1" sY="1"/>
      </span>
      <span an="fade-out" ease="0" ac="" hd="0" xreg="left" w="78" h="65" class="" fl="0" shp="0" rds="22" yreg="top">
        <frm num="130" x="713" y="599" o="1" rX="0" rY="0" sX="1" sY="1" bgC="rgba(255, 255, 0, 1)" bgT="0,0"/>
        <frm num="139" x="713" y="599" o="1" rX="0" rY="0" sX="1" sY="1"/>
      </span>
    </layer>
    <layer id="H3" type="SHAPE">
      <span an="fade-in" ease="0" ac="" hd="0" xreg="left" w="78" h="65" class="" fl="0" shp="0" rds="22" yreg="top">
        <frm num="56" x="1093" y="599" o="1" rX="0" rY="0" sX="1" sY="1" bgC="rgba(255, 255, 0, 1)" bgT="0,0"/>
        <frm num="65" x="1093" y="599" o="1" rX="0" rY="0" sX="1" sY="1"/>
      </span>
      <span an="0" ease="0" ac="" hd="0" xreg="left" w="78" h="65" class="" fl="0" shp="0" rds="22" yreg="top">
        <frm num="66" x="1093" y="599" o="1" rX="0" rY="0" sX="1" sY="1" bgC="rgba(255, 255, 0, 1)" bgT="0,0"/>
        <frm num="129" x="1093" y="599" o="1" rX="0" rY="0" sX="1" sY="1"/>
      </span>
      <span an="fade-out" ease="0" ac="" hd="0" xreg="left" w="78" h="65" class="" fl="0" shp="0" rds="22" yreg="top">
        <frm num="130" x="1093" y="599" o="1" rX="0" rY="0" sX="1" sY="1" bgC="rgba(255, 255, 0, 1)" bgT="0,0"/>
        <frm num="139" x="1093" y="599" o="1" rX="0" rY="0" sX="1" sY="1"/>
      </span>
    </layer>
    <layer id="H4" type="SHAPE">
      <span an="fade-in" ease="0" ac="" hd="0" xreg="left" w="78" h="65" class="" fl="0" shp="0" rds="22" yreg="top">
        <frm num="91" x="1316" y="599" o="1" rX="0" rY="0" sX="1" sY="1" bgC="rgba(255, 255, 0, 1)" bgT="0,0"/>
        <frm num="100" x="1316" y="599" o="1" rX="0" rY="0" sX="1" sY="1"/>
      </span>
      <span an="0" ease="0" ac="" hd="0" xreg="left" w="78" h="65" class="" fl="0" shp="0" rds="22" yreg="top">
        <frm num="101" x="1316" y="599" o="1" rX="0" rY="0" sX="1" sY="1" bgC="rgba(255, 255, 0, 1)" bgT="0,0"/>
        <frm num="129" x="1316" y="599" o="1" rX="0" rY="0" sX="1" sY="1"/>
      </span>
      <span an="fade-out" ease="0" ac="" hd="0" xreg="left" w="78" h="65" class="" fl="0" shp="0" rds="22" yreg="top">
        <frm num="130" x="1316" y="599" o="1" rX="0" rY="0" sX="1" sY="1" bgC="rgba(255, 255, 0, 1)" bgT="0,0"/>
        <frm num="139" x="1316" y="599" o="1" rX="0" rY="0" sX="1" sY="1"/>
      </span>
    </layer>
    <layer id="C3" type="CLIP" clipid="C3" lb="questionimgmc" hide="0" lock="0">
      <span an="0" ease="0" hd="0" xreg="left" w="1526" h="400" fl="0" yreg="top">
        <frm num="1" x="197" y="226" o="1" rX="0" rY="0" sX="1" sY="1"/>
        <frm num="129" x="197" y="226" o="1" rX="0" rY="0" sX="1" sY="1"/>
      </span>
      <span an="fade-out" ease="0" hd="0" xreg="left" w="1526" h="400" fl="0" yreg="top">
        <frm num="130" x="197" y="226" o="1" rX="0" rY="0" sX="1" sY="1"/>
        <frm num="139" x="197" y="226" o="1" rX="0" rY="0" sX="1" sY="1"/>
      </span>
    </layer>
  </timeline>
  <clips>
    <clip id="C5">
      <label/>
      <layer id="L0" type="ACTIONS">
        <span ac="stop;">
          <frm num="10"/>
          <frm num="10"/>
        </span>
      </layer>
      <layer id="i8" type="IMAGE">
        <span an="0" ease="0" ac="" bgI="" hd="0" xreg="left" bgA="center" bgR="no-repeat" class="" w="1650" h="81" imgs="50" fl="0" yreg="top">
          <frm num="1" x="135" y="500" o="1" rX="0" rY="0" sX="1" sY="1"/>
          <frm num="10" x="135" y="500" o="1" rX="0" rY="0" sX="1" sY="1"/>
        </span>
      </layer>
      <layer id="L12" type="CONTENT" hide="0" lock="0" lb="look_at_the_tab">
        <span an="0" ease="0" ac="" bgI="" hd="0" xreg="left" bgA="center" bgR="no-repeat" class="int_ostdefaultStyle" imgs="50" w="31" fl="0" yreg="top" frmt=";s:30" h="" aO="316% 105%">
          <frm num="1" x="166" y="583" o="1" rX="0" rY="0" sX="1" sY="1" w="" h=""/>
          <frm num="10" x="166" y="583" o="1" rX="0" rY="0" sX="1" sY="1" w="" h=""/>
        </span>
      </layer>
      <layer id="L32" type="CONTENT" hide="0" lock="0" lb="look_at_the_tab">
        <span an="0" ease="0" ac="" bgI="" hd="0" xreg="left" bgA="center" bgR="no-repeat" class="int_ostdefaultStyle" imgs="50" w="31" fl="0" yreg="top" frmt=";s:30" h="">
          <frm num="1" x="1712" y="583" o="1" rX="0" rY="0" sX="1" sY="1" w="" h=""/>
          <frm num="10" x="1712" y="583" o="1" rX="0" rY="0" sX="1" sY="1" w="" h=""/>
        </span>
      </layer>
      <layer id="L13" type="CONTENT" hide="0" lock="0" lb="look_at_the_tab">
        <span an="0" ease="0" ac="" bgI="" hd="0" xreg="left" bgA="center" bgR="no-repeat" class="int_ostdefaultStyle" imgs="50" w="61" fl="0" yreg="top" frmt=";s:30;f:frutiger_bold" h="">
          <frm num="1" x="230" y="594" o="1" rX="0" rY="0" sX="1" sY="1" w="" h=""/>
          <frm num="10" x="230" y="594" o="1" rX="0" rY="0" sX="1" sY="1" w="" h=""/>
        </span>
      </layer>
      <layer id="L1" type="CONTENT" hide="0" lock="0" lb="look_at_the_tab">
        <span an="0" ease="0" ac="" bgI="" hd="0" xreg="left" bgA="center" bgR="no-repeat" class="int_ostdefaultStyle" imgs="50" w="61" fl="0" yreg="top" frmt=";s:30;f:frutiger_bold" h="">
          <frm num="1" x="307" y="594" o="1" rX="0" rY="0" sX="1" sY="1" w="" h=""/>
          <frm num="10" x="307" y="594" o="1" rX="0" rY="0" sX="1" sY="1" w="" h=""/>
        </span>
      </layer>
      <layer id="L3" type="CONTENT" hide="0" lock="0" lb="look_at_the_tab">
        <span an="0" ease="0" ac="" bgI="" hd="0" xreg="left" bgA="center" bgR="no-repeat" class="int_ostdefaultStyle" imgs="50" w="61" fl="0" yreg="top" frmt=";s:30;f:frutiger_bold" h="">
          <frm num="1" x="382" y="594" o="1" rX="0" rY="0" sX="1" sY="1" w="" h=""/>
          <frm num="10" x="382" y="594" o="1" rX="0" rY="0" sX="1" sY="1" w="" h=""/>
        </span>
      </layer>
      <layer id="L4" type="CONTENT" hide="0" lock="0" lb="look_at_the_tab">
        <span an="0" ease="0" ac="" bgI="" hd="0" xreg="left" bgA="center" bgR="no-repeat" class="int_ostdefaultStyle" imgs="50" w="61" fl="0" yreg="top" frmt=";s:30;f:frutiger_bold" h="">
          <frm num="1" x="459" y="594" o="1" rX="0" rY="0" sX="1" sY="1" w="" h=""/>
          <frm num="10" x="459" y="594" o="1" rX="0" rY="0" sX="1" sY="1" w="" h=""/>
        </span>
      </layer>
      <layer id="L5" type="CONTENT" hide="0" lock="0" lb="look_at_the_tab">
        <span an="0" ease="0" ac="" bgI="" hd="0" xreg="left" bgA="center" bgR="no-repeat" class="int_ostdefaultStyle" imgs="50" w="61" fl="0" yreg="top" frmt=";s:30;f:frutiger_bold" h="">
          <frm num="1" x="536" y="594" o="1" rX="0" rY="0" sX="1" sY="1" w="" h=""/>
          <frm num="10" x="536" y="594" o="1" rX="0" rY="0" sX="1" sY="1" w="" h=""/>
        </span>
      </layer>
      <layer id="L8" type="CONTENT" hide="0" lock="0" lb="look_at_the_tab">
        <span an="0" ease="0" ac="" bgI="" hd="0" xreg="left" bgA="center" bgR="no-repeat" class="int_ostdefaultStyle" imgs="50" w="61" fl="0" yreg="top" frmt=";s:30;f:frutiger_bold" h="">
          <frm num="1" x="615" y="594" o="1" rX="0" rY="0" sX="1" sY="1" w="" h=""/>
          <frm num="10" x="615" y="594" o="1" rX="0" rY="0" sX="1" sY="1" w="" h=""/>
        </span>
      </layer>
      <layer id="L9" type="CONTENT" hide="0" lock="0" lb="look_at_the_tab">
        <span an="0" ease="0" ac="" bgI="" hd="0" xreg="left" bgA="center" bgR="no-repeat" class="int_ostdefaultStyle" imgs="50" w="61" fl="0" yreg="top" frmt=";s:30;f:frutiger_bold" h="">
          <frm num="1" x="690" y="594" o="1" rX="0" rY="0" sX="1" sY="1" w="" h=""/>
          <frm num="10" x="690" y="594" o="1" rX="0" rY="0" sX="1" sY="1" w="" h=""/>
        </span>
      </layer>
      <layer id="L10" type="CONTENT" hide="0" lock="0" lb="look_at_the_tab">
        <span an="0" ease="0" ac="" bgI="" hd="0" xreg="left" bgA="center" bgR="no-repeat" class="int_ostdefaultStyle" imgs="50" w="61" fl="0" yreg="top" frmt=";s:30;f:frutiger_bold" h="">
          <frm num="1" x="768" y="594" o="1" rX="0" rY="0" sX="1" sY="1" w="" h=""/>
          <frm num="10" x="768" y="594" o="1" rX="0" rY="0" sX="1" sY="1" w="" h=""/>
        </span>
      </layer>
      <layer id="L11" type="CONTENT" hide="0" lock="0" lb="look_at_the_tab">
        <span an="0" ease="0" ac="" bgI="" hd="0" xreg="left" bgA="center" bgR="no-repeat" class="int_ostdefaultStyle" imgs="50" w="61" fl="0" yreg="top" frmt=";s:30;f:frutiger_bold" h="">
          <frm num="1" x="845" y="594" o="1" rX="0" rY="0" sX="1" sY="1" w="" h=""/>
          <frm num="10" x="845" y="594" o="1" rX="0" rY="0" sX="1" sY="1" w="" h=""/>
        </span>
      </layer>
      <layer id="L14" type="CONTENT" hide="0" lock="0" lb="look_at_the_tab">
        <span an="0" ease="0" ac="" bgI="" hd="0" xreg="left" bgA="center" bgR="no-repeat" class="int_ostdefaultStyle" imgs="50" w="61" fl="0" yreg="top" frmt=";s:30;f:frutiger_bold" h="">
          <frm num="1" x="923" y="594" o="1" rX="0" rY="0" sX="1" sY="1" w="" h=""/>
          <frm num="10" x="923" y="594" o="1" rX="0" rY="0" sX="1" sY="1" w="" h=""/>
        </span>
      </layer>
      <layer id="L15" type="CONTENT" hide="0" lock="0" lb="look_at_the_tab">
        <span an="0" ease="0" ac="" bgI="" hd="0" xreg="left" bgA="center" bgR="no-repeat" class="int_ostdefaultStyle" imgs="50" w="61" fl="0" yreg="top" frmt=";s:30;f:frutiger_bold" h="">
          <frm num="1" x="999" y="594" o="1" rX="0" rY="0" sX="1" sY="1" w="" h=""/>
          <frm num="10" x="999" y="594" o="1" rX="0" rY="0" sX="1" sY="1" w="" h=""/>
        </span>
      </layer>
      <layer id="L16" type="CONTENT" hide="0" lock="0" lb="look_at_the_tab">
        <span an="0" ease="0" ac="" bgI="" hd="0" xreg="left" bgA="center" bgR="no-repeat" class="int_ostdefaultStyle" imgs="50" w="61" fl="0" yreg="top" frmt=";s:30;f:frutiger_bold" h="">
          <frm num="1" x="1076" y="594" o="1" rX="0" rY="0" sX="1" sY="1" w="" h=""/>
          <frm num="10" x="1076" y="594" o="1" rX="0" rY="0" sX="1" sY="1" w="" h=""/>
        </span>
      </layer>
      <layer id="L17" type="CONTENT" hide="0" lock="0" lb="look_at_the_tab">
        <span an="0" ease="0" ac="" bgI="" hd="0" xreg="left" bgA="center" bgR="no-repeat" class="int_ostdefaultStyle" imgs="50" w="61" fl="0" yreg="top" frmt=";s:30;f:frutiger_bold" h="">
          <frm num="1" x="1154" y="594" o="1" rX="0" rY="0" sX="1" sY="1" w="" h=""/>
          <frm num="10" x="1154" y="594" o="1" rX="0" rY="0" sX="1" sY="1" w="" h=""/>
        </span>
      </layer>
      <layer id="L18" type="CONTENT" hide="0" lock="0" lb="look_at_the_tab">
        <span an="0" ease="0" ac="" bgI="" hd="0" xreg="left" bgA="center" bgR="no-repeat" class="int_ostdefaultStyle" imgs="50" w="61" fl="0" yreg="top" frmt=";s:30;f:frutiger_bold" h="">
          <frm num="1" x="1231" y="594" o="1" rX="0" rY="0" sX="1" sY="1" w="" h=""/>
          <frm num="10" x="1231" y="594" o="1" rX="0" rY="0" sX="1" sY="1" w="" h=""/>
        </span>
      </layer>
      <layer id="L19" type="CONTENT" hide="0" lock="0" lb="look_at_the_tab">
        <span an="0" ease="0" ac="" bgI="" hd="0" xreg="left" bgA="center" bgR="no-repeat" class="int_ostdefaultStyle" imgs="50" w="61" fl="0" yreg="top" frmt=";s:30;f:frutiger_bold" h="">
          <frm num="1" x="1308" y="594" o="1" rX="0" rY="0" sX="1" sY="1" w="" h=""/>
          <frm num="10" x="1308" y="594" o="1" rX="0" rY="0" sX="1" sY="1" w="" h=""/>
        </span>
      </layer>
      <layer id="L20" type="CONTENT" hide="0" lock="0" lb="look_at_the_tab">
        <span an="0" ease="0" ac="" bgI="" hd="0" xreg="left" bgA="center" bgR="no-repeat" class="int_ostdefaultStyle" imgs="50" w="61" fl="0" yreg="top" frmt=";s:30;f:frutiger_bold" h="">
          <frm num="1" x="1384" y="594" o="1" rX="0" rY="0" sX="1" sY="1" w="" h=""/>
          <frm num="10" x="1384" y="594" o="1" rX="0" rY="0" sX="1" sY="1" w="" h=""/>
        </span>
      </layer>
      <layer id="L21" type="CONTENT" hide="0" lock="0" lb="look_at_the_tab">
        <span an="0" ease="0" ac="" bgI="" hd="0" xreg="left" bgA="center" bgR="no-repeat" class="int_ostdefaultStyle" imgs="50" w="61" fl="0" yreg="top" frmt=";s:30;f:frutiger_bold" h="">
          <frm num="1" x="1462" y="594" o="1" rX="0" rY="0" sX="1" sY="1" w="" h=""/>
          <frm num="10" x="1462" y="594" o="1" rX="0" rY="0" sX="1" sY="1" w="" h=""/>
        </span>
      </layer>
      <layer id="L22" type="CONTENT" hide="0" lock="0" lb="look_at_the_tab">
        <span an="0" ease="0" ac="" bgI="" hd="0" xreg="left" bgA="center" bgR="no-repeat" class="int_ostdefaultStyle" imgs="50" w="61" fl="0" yreg="top" frmt=";s:30;f:frutiger_bold" h="">
          <frm num="1" x="1540" y="594" o="1" rX="0" rY="0" sX="1" sY="1" w="" h=""/>
          <frm num="10" x="1540" y="594" o="1" rX="0" rY="0" sX="1" sY="1" w="" h=""/>
        </span>
      </layer>
      <layer id="L23" type="CONTENT" hide="0" lock="0" lb="look_at_the_tab">
        <span an="0" ease="0" ac="" bgI="" hd="0" xreg="left" bgA="center" bgR="no-repeat" class="int_ostdefaultStyle" imgs="50" w="61" fl="0" yreg="top" frmt=";s:30;f:frutiger_bold" h="">
          <frm num="1" x="1616" y="594" o="1" rX="0" rY="0" sX="1" sY="1" w="" h=""/>
          <frm num="10" x="1616" y="594" o="1" rX="0" rY="0" sX="1" sY="1" w="" h=""/>
        </span>
      </layer>
    </clip>
    <clip id="C3">
      <label/>
      <layer id="L0" type="ACTIONS">
        <span ac="stop;" xreg="left" yreg="top">
          <frm num="161"/>
          <frm num="161"/>
        </span>
      </layer>
      <layer id="L43" type="CONTENT" hide="0">
        <span an="0" ease="0" ac="" bgI="" hd="0" xreg="left" bgA="center" bgR="no-repeat" class="" imgs="50" w="150" fl="0" yreg="top" frmt=";f:frutiger_bold;a:center;c:rgb(0, 84, 166);s:35">
          <frm num="1" x="588" y="212" o="1" rX="0" rY="0" sX="1" sY="1" w="323" h=""/>
          <frm num="161" x="588" y="212" o="1" rX="0" rY="0" sX="1" sY="1" w="323" h=""/>
        </span>
      </layer>
      <layer id="L45" type="CONTENT" hide="0">
        <span an="0" ease="0" ac="" bgI="" hd="0" xreg="left" bgA="center" bgR="no-repeat" class="" imgs="50" w="150" fl="0" yreg="top" frmt=";f:frutiger_bold;a:center;c:rgb(255, 255, 255)">
          <frm num="1" x="284" y="290" o="1" rX="0" rY="0" sX="1" sY="1" w="100" h=""/>
          <frm num="161" x="284" y="290" o="1" rX="0" rY="0" sX="1" sY="1" w="100" h=""/>
        </span>
      </layer>
      <layer id="L73" type="CONTENT" hide="0">
        <span an="0" ease="0" ac="" bgI="" hd="0" xreg="left" bgA="center" bgR="no-repeat" class="" imgs="50" w="150" fl="0" yreg="top" frmt=";f:frutiger_bold;a:center;c:rgb(255, 255, 255);s:32">
          <frm num="1" x="-9" y="295" o="1" rX="0" rY="0" sX="1" sY="1" w="206" h=""/>
          <frm num="161" x="-9" y="295" o="1" rX="0" rY="0" sX="1" sY="1" w="206" h=""/>
        </span>
      </layer>
      <layer id="L74" type="CONTENT" hide="0">
        <span an="0" ease="0" ac="" bgI="" hd="0" xreg="left" bgA="center" bgR="no-repeat" class="" imgs="50" w="150" fl="0" yreg="top" frmt=";f:frutiger_bold;a:center;c:rgb(255, 255, 255);s:32">
          <frm num="1" x="457" y="295" o="1" rX="0" rY="0" sX="1" sY="1" w="206" h=""/>
          <frm num="161" x="457" y="295" o="1" rX="0" rY="0" sX="1" sY="1" w="206" h=""/>
        </span>
      </layer>
      <layer id="L76" type="CONTENT" hide="0">
        <span an="0" ease="0" ac="" bgI="" hd="0" xreg="left" bgA="center" bgR="no-repeat" class="" imgs="50" w="150" fl="0" yreg="top" frmt=";f:frutiger_bold;a:center;c:rgb(255, 255, 255);s:32">
          <frm num="1" x="836" y="295" o="1" rX="0" rY="0" sX="1" sY="1" w="206" h=""/>
          <frm num="161" x="836" y="295" o="1" rX="0" rY="0" sX="1" sY="1" w="206" h=""/>
        </span>
      </layer>
      <layer id="L77" type="CONTENT" hide="0">
        <span an="0" ease="0" ac="" bgI="" hd="0" xreg="left" bgA="center" bgR="no-repeat" class="" imgs="50" w="150" fl="0" yreg="top" frmt=";f:frutiger_bold;a:center;c:rgb(255, 255, 255);s:32">
          <frm num="1" x="1060" y="296" o="1" rX="0" rY="0" sX="1" sY="1" w="206" h=""/>
          <frm num="161" x="1060" y="296" o="1" rX="0" rY="0" sX="1" sY="1" w="206" h=""/>
        </span>
      </layer>
      <layer id="L80" type="CONTENT" lb="How would you read this number?">
        <span an="0" ease="0" ac="" bgI="" hd="0" xreg="left" bgA="center" bgR="no-repeat" class="" imgs="50" w="106" fl="0" yreg="top" h="">
          <frm num="1" x="737" y="340" o="1" rX="0" rY="0" sX="1" sY="1" w="" h=""/>
          <frm num="161" x="737" y="340" o="1" rX="0" rY="0" sX="1" sY="1" w="" h=""/>
        </span>
      </layer>
      <layer id="L30" type="CONTENT" lb="How would you read this number?">
        <span an="0" ease="0" ac="" bgI="" hd="0" xreg="left" bgA="center" bgR="no-repeat" class="" imgs="50" w="106" fl="0" yreg="top" h="" frmt=";a:center;s:60">
          <frm num="1" x="504" y="369" o="1" rX="0" rY="0" sX="1" sY="1" w="" h=""/>
          <frm num="161" x="504" y="369" o="1" rX="0" rY="0" sX="1" sY="1" w="" h=""/>
        </span>
      </layer>
      <layer id="L31" type="CONTENT" lb="How would you read this number?">
        <span an="0" ease="0" ac="" bgI="" hd="0" xreg="left" bgA="center" bgR="no-repeat" class="" imgs="50" w="106" fl="0" yreg="top" h="" frmt=";a:center;s:60">
          <frm num="1" x="884" y="369" o="1" rX="0" rY="0" sX="1" sY="1" w="" h=""/>
          <frm num="161" x="884" y="369" o="1" rX="0" rY="0" sX="1" sY="1" w="" h=""/>
        </span>
      </layer>
      <layer id="L33" type="CONTENT" lb="How would you read this number?">
        <span an="0" ease="0" ac="" bgI="" hd="0" xreg="left" bgA="center" bgR="no-repeat" class="" imgs="50" w="106" fl="0" yreg="top" h="" frmt=";a:center;s:60">
          <frm num="1" x="1109" y="369" o="1" rX="0" rY="0" sX="1" sY="1" w="" h=""/>
          <frm num="161" x="1109" y="369" o="1" rX="0" rY="0" sX="1" sY="1" w="" h=""/>
        </span>
      </layer>
      <layer id="L29" type="CONTENT" hide="0">
        <span an="0" ease="0" ac="" bgI="" hd="0" xreg="left" bgA="center" bgR="no-repeat" class="" imgs="50" w="150" fl="0" yreg="top" frmt=";f:frutiger_bold;a:center;c:rgb(255, 255, 255);s:60">
          <frm num="1" x="649" y="265" o="1" rX="0" rY="0" sX="1" sY="1" w="206" h=""/>
          <frm num="161" x="649" y="265" o="1" rX="0" rY="0" sX="1" sY="1" w="206" h=""/>
        </span>
      </layer>
      <layer id="L78" type="CONTENT" hide="0">
        <span an="0" ease="0" ac="" bgI="" hd="0" xreg="left" bgA="center" bgR="no-repeat" class="" imgs="50" w="150" fl="0" yreg="top" frmt=";f:frutiger_bold;a:center;c:rgb(255, 255, 255);s:32">
          <frm num="1" x="1302" y="296" o="1" rX="0" rY="0" sX="1" sY="1" w="206" h=""/>
          <frm num="161" x="1302" y="296" o="1" rX="0" rY="0" sX="1" sY="1" w="206" h=""/>
        </span>
      </layer>
    </clip>
    <clip id="C1">
      <label/>
      <layer id="L0" type="ACTIONS">
        <span ac="stop;">
          <frm num="10"/>
          <frm num="10"/>
        </span>
      </layer>
      <layer id="i2" type="IMAGE" lb="Callout" hide="0">
        <span an="0" ease="0" ac="" bgI="" hd="0" xreg="left" bgA="center" bgR="no-repeat" class="" w="123" h="99" imgs="50" fl="0" yreg="top">
          <frm num="1" x="357" y="396" o="1" rX="0" rY="0" sX="1" sY="1"/>
          <frm num="10" x="357" y="396" o="1" rX="0" rY="0" sX="1" sY="1"/>
        </span>
      </layer>
      <layer id="L37" type="CONTENT">
        <span an="0" ease="0" ac="" bgI="" hd="0" xreg="left" bgA="center" bgR="no-repeat" class="" imgs="50" w="86" fl="0" yreg="top" h="">
          <frm num="1" x="380" y="411" o="1" rX="0" rY="0" sX="1" sY="1" w="" h=""/>
          <frm num="10" x="380" y="411" o="1" rX="0" rY="0" sX="1" sY="1" w="" h=""/>
        </span>
      </layer>
    </clip>
    <clip id="C2">
      <label/>
      <layer id="L0" type="ACTIONS">
        <span ac="stop;" xreg="left" yreg="top">
          <frm num="161"/>
          <frm num="161"/>
        </span>
      </layer>
      <layer id="i4" type="IMAGE" hide="0" lock="0">
        <span an="0" ease="0" ac="" bgI="" hd="0" xreg="left" bgA="center" bgR="no-repeat" class="" w="1591" h="302" imgs="50" fl="0" yreg="top">
          <frm num="1" x="-46" y="174" o="1" rX="0" rY="0" sX="1" sY="1"/>
          <frm num="161" x="-46" y="174" o="1" rX="0" rY="0" sX="1" sY="1"/>
        </span>
      </layer>
    </clip>
  </clips>
</root>
